"agency_cd","station_id","date","streamflow_cfs","status_code"
"USGS","01631000",2025-01-01,1130,"A"
"USGS","01631000",2025-01-02,1370,"A"
"USGS","01631000",2025-01-03,1420,"A"
"USGS","01631000",2025-01-04,1280,"A"
"USGS","01631000",2025-01-05,1130,"A e"
"USGS","01631000",2025-01-06,1040,"A e"
"USGS","01631000",2025-01-07,973,"A e"
"USGS","01631000",2025-01-08,915,"A e"
"USGS","01631000",2025-01-09,865,"A e"
"USGS","01631000",2025-01-10,818,"A e"
"USGS","01631000",2025-01-11,775,"A e"
"USGS","01631000",2025-01-12,747,"A e"
"USGS","01631000",2025-01-13,685,"A e"
"USGS","01631000",2025-01-14,649,"A e"
"USGS","01631000",2025-01-15,629,"A e"
"USGS","01631000",2025-01-16,611,"A e"
"USGS","01631000",2025-01-17,600,"A e"
"USGS","01631000",2025-01-18,596,"A e"
"USGS","01631000",2025-01-19,595,"A e"
"USGS","01631000",2025-01-20,594,"A e"
"USGS","01631000",2025-01-21,593,"A e"
"USGS","01631000",2025-01-22,592,"A e"
"USGS","01631000",2025-01-23,592,"A e"
"USGS","01631000",2025-01-24,599,"A e"
"USGS","01631000",2025-01-25,604,"A e"
"USGS","01631000",2025-01-26,613,"A e"
"USGS","01631000",2025-01-27,631,"A e"
"USGS","01631000",2025-01-28,650,"A e"
"USGS","01631000",2025-01-29,669,"A e"
"USGS","01631000",2025-01-30,673,"A"
"USGS","01631000",2025-01-31,787,"A"
"USGS","01631000",2025-02-01,1250,"A"
"USGS","01631000",2025-02-02,2350,"A"
"USGS","01631000",2025-02-03,3120,"A"
"USGS","01631000",2025-02-04,2600,"A"
"USGS","01631000",2025-02-05,2210,"A"
"USGS","01631000",2025-02-06,2980,"A"
"USGS","01631000",2025-02-07,6580,"A"
"USGS","01631000",2025-02-08,7770,"A"
"USGS","01631000",2025-02-09,5420,"A"
"USGS","01631000",2025-02-10,4350,"A"
"USGS","01631000",2025-02-11,3470,"A"
"USGS","01631000",2025-02-12,3040,"A"
"USGS","01631000",2025-02-13,2830,"A"
"USGS","01631000",2025-02-14,3500,"A"
"USGS","01631000",2025-02-15,4810,"A"
"USGS","01631000",2025-02-16,4730,"A"
"USGS","01631000",2025-02-17,7690,"A"
"USGS","01631000",2025-02-18,6860,"A"
"USGS","01631000",2025-02-19,5030,"A"
"USGS","01631000",2025-02-20,3990,"A"
"USGS","01631000",2025-02-21,3360,"A"
"USGS","01631000",2025-02-22,2890,"A"
"USGS","01631000",2025-02-23,2550,"A"
"USGS","01631000",2025-02-24,2330,"A"
"USGS","01631000",2025-02-25,2160,"A"
"USGS","01631000",2025-02-26,2020,"A"
"USGS","01631000",2025-02-27,1900,"A"
"USGS","01631000",2025-02-28,1790,"A"
"USGS","01631000",2025-03-01,1680,"A"
"USGS","01631000",2025-03-02,1560,"A"
"USGS","01631000",2025-03-03,1460,"A"
"USGS","01631000",2025-03-04,1360,"A"
"USGS","01631000",2025-03-05,1380,"A"
"USGS","01631000",2025-03-06,1660,"A"
"USGS","01631000",2025-03-07,2710,"A"
"USGS","01631000",2025-03-08,2760,"A"
"USGS","01631000",2025-03-09,2420,"A"
"USGS","01631000",2025-03-10,2180,"A"
"USGS","01631000",2025-03-11,2000,"A"
"USGS","01631000",2025-03-12,1860,"A"
"USGS","01631000",2025-03-13,1750,"A"
"USGS","01631000",2025-03-14,1610,"A"
"USGS","01631000",2025-03-15,1500,"A"
"USGS","01631000",2025-03-16,1410,"A"
"USGS","01631000",2025-03-17,1400,"A"
"USGS","01631000",2025-03-18,1370,"A"
"USGS","01631000",2025-03-19,1430,"A"
"USGS","01631000",2025-03-20,1530,"A"
"USGS","01631000",2025-03-21,1490,"A"
"USGS","01631000",2025-03-22,1400,"A"
"USGS","01631000",2025-03-23,1300,"A"
"USGS","01631000",2025-03-24,1230,"A"
"USGS","01631000",2025-03-25,1160,"A"
"USGS","01631000",2025-03-26,1100,"A"
"USGS","01631000",2025-03-27,1040,"A"
"USGS","01631000",2025-03-28,1000,"A"
"USGS","01631000",2025-03-29,970,"A"
"USGS","01631000",2025-03-30,947,"A"
"USGS","01631000",2025-03-31,950,"A"
"USGS","01631000",2025-04-01,1050,"A"
"USGS","01631000",2025-04-02,931,"A"
"USGS","01631000",2025-04-03,905,"A"
"USGS","01631000",2025-04-04,899,"A"
"USGS","01631000",2025-04-05,873,"A"
"USGS","01631000",2025-04-06,859,"A"
"USGS","01631000",2025-04-07,875,"A"
"USGS","01631000",2025-04-08,903,"A"
"USGS","01631000",2025-04-09,1240,"A"
"USGS","01631000",2025-04-10,1230,"A"
"USGS","01631000",2025-04-11,1080,"A"
"USGS","01631000",2025-04-12,1030,"A"
"USGS","01631000",2025-04-13,1030,"A"
"USGS","01631000",2025-04-14,1030,"A"
"USGS","01631000",2025-04-15,1010,"A"
"USGS","01631000",2025-04-16,969,"A"
"USGS","01631000",2025-04-17,968,"A"
"USGS","01631000",2025-04-18,938,"A"
"USGS","01631000",2025-04-19,893,"A"
"USGS","01631000",2025-04-20,861,"A"
"USGS","01631000",2025-04-21,829,"A"
"USGS","01631000",2025-04-22,805,"A"
"USGS","01631000",2025-04-23,759,"A"
"USGS","01631000",2025-04-24,728,"A"
"USGS","01631000",2025-04-25,715,"A"
"USGS","01631000",2025-04-26,752,"A"
"USGS","01631000",2025-04-27,727,"A"
"USGS","01631000",2025-04-28,713,"A"
"USGS","01631000",2025-04-29,699,"A"
"USGS","01631000",2025-04-30,685,"A"
"USGS","01631000",2025-05-01,664,"A"
"USGS","01631000",2025-05-02,652,"A"
"USGS","01631000",2025-05-03,644,"A"
"USGS","01631000",2025-05-04,785,"A"
"USGS","01631000",2025-05-05,1040,"A"
"USGS","01631000",2025-05-06,1110,"A"
"USGS","01631000",2025-05-07,964,"A"
"USGS","01631000",2025-05-08,852,"A"
"USGS","01631000",2025-05-09,807,"A"
"USGS","01631000",2025-05-10,784,"A"
"USGS","01631000",2025-05-11,764,"A"
"USGS","01631000",2025-05-12,743,"A"
"USGS","01631000",2025-05-13,1220,"A"
"USGS","01631000",2025-05-14,18100,"A"
"USGS","01631000",2025-05-15,18000,"A"
"USGS","01631000",2025-05-16,8500,"A"
"USGS","01631000",2025-05-17,5620,"A"
"USGS","01631000",2025-05-18,3970,"A"
"USGS","01631000",2025-05-19,3040,"A"
"USGS","01631000",2025-05-20,2370,"A"
"USGS","01631000",2025-05-21,1980,"A"
"USGS","01631000",2025-05-22,1790,"A"
"USGS","01631000",2025-05-23,1590,"A"
"USGS","01631000",2025-05-24,1430,"A"
"USGS","01631000",2025-05-25,1220,"A"
"USGS","01631000",2025-05-26,1080,"A"
"USGS","01631000",2025-05-27,1010,"A"
"USGS","01631000",2025-05-28,1200,"A"
"USGS","01631000",2025-05-29,1460,"A"
"USGS","01631000",2025-05-30,1880,"A"
"USGS","01631000",2025-05-31,2310,"A"
"USGS","01631000",2025-06-01,2270,"A"
"USGS","01631000",2025-06-02,2030,"A"
"USGS","01631000",2025-06-03,1800,"A"
"USGS","01631000",2025-06-04,1550,"A"
"USGS","01631000",2025-06-05,1310,"A"
"USGS","01631000",2025-06-06,1180,"A"
"USGS","01631000",2025-06-07,1180,"A"
"USGS","01631000",2025-06-08,1160,"A"
"USGS","01631000",2025-06-09,2200,"A"
"USGS","01631000",2025-06-10,2440,"A"
"USGS","01631000",2025-06-11,1800,"A"
"USGS","01631000",2025-06-12,1380,"A"
"USGS","01631000",2025-06-13,1190,"A"
"USGS","01631000",2025-06-14,1350,"A"
"USGS","01631000",2025-06-15,2170,"A"
"USGS","01631000",2025-06-16,2160,"A"
"USGS","01631000",2025-06-17,3010,"A"
"USGS","01631000",2025-06-18,3550,"A"
"USGS","01631000",2025-06-19,3610,"A"
"USGS","01631000",2025-06-20,2980,"A"
"USGS","01631000",2025-06-21,2590,"A"
"USGS","01631000",2025-06-22,2210,"A"
"USGS","01631000",2025-06-23,1830,"A"
"USGS","01631000",2025-06-24,1530,"A"
"USGS","01631000",2025-06-25,1290,"A"
"USGS","01631000",2025-06-26,1190,"A"
"USGS","01631000",2025-06-27,1480,"A"
"USGS","01631000",2025-06-28,1090,"A"
"USGS","01631000",2025-06-29,1430,"A"
"USGS","01631000",2025-06-30,1960,"A"
"USGS","01631000",2025-07-01,2340,"A"
"USGS","01631000",2025-07-02,3590,"A"
"USGS","01631000",2025-07-03,6210,"A"
"USGS","01631000",2025-07-04,3850,"A"
"USGS","01631000",2025-07-05,2520,"A"
"USGS","01631000",2025-07-06,2000,"A"
"USGS","01631000",2025-07-07,1700,"A"
"USGS","01631000",2025-07-08,1480,"A"
"USGS","01631000",2025-07-09,1410,"A"
"USGS","01631000",2025-07-10,1440,"A"
"USGS","01631000",2025-07-11,1450,"A"
"USGS","01631000",2025-07-12,1450,"A"
"USGS","01631000",2025-07-13,1390,"A"
"USGS","01631000",2025-07-14,2680,"A"
"USGS","01631000",2025-07-15,2820,"A"
"USGS","01631000",2025-07-16,2950,"A"
"USGS","01631000",2025-07-17,4220,"A"
"USGS","01631000",2025-07-18,2780,"A"
"USGS","01631000",2025-07-19,3530,"A"
"USGS","01631000",2025-07-20,3440,"A"
"USGS","01631000",2025-07-21,3910,"A"
"USGS","01631000",2025-07-22,2670,"A"
"USGS","01631000",2025-07-23,2200,"A"
"USGS","01631000",2025-07-24,1870,"A"
"USGS","01631000",2025-07-25,1610,"A"
"USGS","01631000",2025-07-26,1480,"A"
"USGS","01631000",2025-07-27,1680,"A"
"USGS","01631000",2025-07-28,1840,"A"
"USGS","01631000",2025-07-29,1470,"A"
"USGS","01631000",2025-07-30,1200,"A"
"USGS","01631000",2025-07-31,1300,"A"
"USGS","01631000",2025-08-01,1330,"A"
"USGS","01631000",2025-08-02,1910,"A"
"USGS","01631000",2025-08-03,1560,"A"
"USGS","01631000",2025-08-04,1290,"A"
"USGS","01631000",2025-08-05,1130,"A"
"USGS","01631000",2025-08-06,1010,"A"
"USGS","01631000",2025-08-07,950,"A"
"USGS","01631000",2025-08-08,888,"A"
"USGS","01631000",2025-08-09,827,"A"
"USGS","01631000",2025-08-10,793,"A"
"USGS","01631000",2025-08-11,739,"A"
"USGS","01631000",2025-08-12,709,"A"
"USGS","01631000",2025-08-13,727,"A"
"USGS","01631000",2025-08-14,810,"A"
"USGS","01631000",2025-08-15,742,"A"
"USGS","01631000",2025-08-16,806,"A"
"USGS","01631000",2025-08-17,690,"A"
"USGS","01631000",2025-08-18,656,"A"
"USGS","01631000",2025-08-19,641,"A"
"USGS","01631000",2025-08-20,618,"A"
"USGS","01631000",2025-08-21,604,"A"
"USGS","01631000",2025-08-22,586,"A"
"USGS","01631000",2025-08-23,570,"A"
"USGS","01631000",2025-08-24,563,"A"
"USGS","01631000",2025-08-25,561,"A"
"USGS","01631000",2025-08-26,601,"A"
"USGS","01631000",2025-08-27,580,"A"
"USGS","01631000",2025-08-28,523,"A"
"USGS","01631000",2025-08-29,502,"A"
"USGS","01631000",2025-08-30,485,"A"
"USGS","01631000",2025-08-31,472,"A"
"USGS","01631000",2025-09-01,459,"A"
"USGS","01631000",2025-09-02,453,"A"
"USGS","01631000",2025-09-03,433,"A"
"USGS","01631000",2025-09-04,438,"A"
"USGS","01631000",2025-09-05,436,"A"
"USGS","01631000",2025-09-06,435,"A"
"USGS","01631000",2025-09-07,447,"A"
"USGS","01631000",2025-09-08,430,"A"
"USGS","01631000",2025-09-09,412,"A"
"USGS","01631000",2025-09-10,411,"A"
"USGS","01631000",2025-09-11,405,"A"
"USGS","01631000",2025-09-12,400,"A"
"USGS","01631000",2025-09-13,395,"A"
"USGS","01631000",2025-09-14,392,"A"
"USGS","01631000",2025-09-15,384,"A"
"USGS","01631000",2025-09-16,381,"A"
"USGS","01631000",2025-09-17,552,"A"
"USGS","01631000",2025-09-18,501,"A"
"USGS","01631000",2025-09-19,430,"A"
"USGS","01631000",2025-09-20,420,"A"
"USGS","01631000",2025-09-21,402,"A"
"USGS","01631000",2025-09-22,393,"A"
"USGS","01631000",2025-09-23,389,"A"
"USGS","01631000",2025-09-24,405,"A"
"USGS","01631000",2025-09-25,420,"A"
"USGS","01631000",2025-09-26,420,"A"
"USGS","01631000",2025-09-27,417,"A"
"USGS","01631000",2025-09-28,454,"A"
"USGS","01631000",2025-09-29,442,"A"
"USGS","01631000",2025-09-30,488,"A"
"USGS","01631000",2025-10-01,502,"A"
"USGS","01631000",2025-10-02,436,"A"
"USGS","01631000",2025-10-03,424,"A"
"USGS","01631000",2025-10-04,410,"A"
"USGS","01631000",2025-10-05,398,"A"
"USGS","01631000",2025-10-06,376,"A"
"USGS","01631000",2025-10-07,379,"A"
"USGS","01631000",2025-10-08,380,"A"
"USGS","01631000",2025-10-09,390,"A"
"USGS","01631000",2025-10-10,362,"A"
"USGS","01631000",2025-10-11,389,"A"
"USGS","01631000",2025-10-12,391,"A"
"USGS","01631000",2025-10-13,413,"A"
"USGS","01631000",2025-10-14,406,"A"
"USGS","01631000",2025-10-15,397,"A"
"USGS","01631000",2025-10-16,403,"A"
"USGS","01631000",2025-10-17,404,"A"
"USGS","01631000",2025-10-18,387,"A"
"USGS","01631000",2025-10-19,386,"A"
"USGS","01631000",2025-10-20,409,"A"
"USGS","01631000",2025-10-21,405,"A"
"USGS","01631000",2025-10-22,397,"A"
"USGS","01631000",2025-10-23,414,"A"
"USGS","01631000",2025-10-24,384,"A"
"USGS","01631000",2025-10-25,378,"A"
"USGS","01631000",2025-10-26,366,"A"
"USGS","01631000",2025-10-27,369,"A"
"USGS","01631000",2025-10-28,373,"A"
"USGS","01631000",2025-10-29,370,"A"
"USGS","01631000",2025-10-30,603,"A"
"USGS","01631000",2025-10-31,619,"A"
"USGS","01631000",2025-11-01,695,"A"
"USGS","01631000",2025-11-02,733,"A"
"USGS","01631000",2025-11-03,583,"A"
"USGS","01631000",2025-11-04,499,"A"
"USGS","01631000",2025-11-05,476,"A"
"USGS","01631000",2025-11-06,457,"A"
"USGS","01631000",2025-11-07,441,"A"
"USGS","01631000",2025-11-08,456,"A"
"USGS","01631000",2025-11-09,439,"A"
"USGS","01631000",2025-11-10,439,"A"
"USGS","01631000",2025-11-11,435,"A"
"USGS","01631000",2025-11-12,421,"A"
"USGS","01631000",2025-11-13,412,"A"
"USGS","01631000",2025-11-14,406,"A"
"USGS","01631000",2025-11-15,408,"A"
"USGS","01631000",2025-11-16,401,"A"
"USGS","01631000",2025-11-17,399,"A"
"USGS","01631000",2025-11-18,404,"A"
"USGS","01631000",2025-11-19,434,"A"
"USGS","01631000",2025-11-20,419,"P"
"USGS","01631000",2025-11-21,417,"P"
"USGS","01631000",2025-11-22,426,"P"
"USGS","01631000",2025-11-23,431,"P"
"USGS","01631000",2025-11-24,419,"P"
"USGS","01631000",2025-11-25,434,"P"
"USGS","01631000",2025-11-26,431,"P"
"USGS","01631000",2025-11-27,415,"P"
"USGS","01631000",2025-11-28,398,"P"
"USGS","01631000",2025-11-29,405,"P"
"USGS","01631000",2025-11-30,388,"P"
"USGS","01631000",2025-12-01,393,"P"
"USGS","01631000",2025-12-02,435,"P"
"USGS","01631000",2025-12-03,451,"P"
"USGS","01631000",2025-12-04,448,"P"
"USGS","01631000",2025-12-05,475,"P"
"USGS","01631000",2025-12-06,483,"P"
"USGS","01631000",2025-12-07,449,"P"
"USGS","01631000",2025-12-08,447,"P"
"USGS","01631000",2025-12-09,444,"P"
"USGS","01631000",2025-12-10,429,"P"
"USGS","01631000",2025-12-11,439,"P"
"USGS","01631000",2025-12-12,441,"P"
"USGS","01631000",2025-12-13,428,"P"
"USGS","01631000",2025-12-14,414,"P"
"USGS","01631000",2025-12-15,368,"P"
"USGS","01631000",2025-12-16,378,"P e"
"USGS","01631000",2025-12-17,391,"P e"
"USGS","01631000",2025-12-18,434,"P e"
"USGS","01631000",2025-12-19,460,"P"
"USGS","01631000",2025-12-20,460,"P"
"USGS","01631000",2025-12-21,569,"P"
"USGS","01631000",2025-12-22,832,"P"
"USGS","01631000",2025-12-23,834,"P"
"USGS","01631000",2025-12-24,733,"P"
"USGS","01631000",2025-12-25,668,"P"
"USGS","01631000",2025-12-26,620,"P"
"USGS","01631000",2025-12-27,587,"P"
"USGS","01631000",2025-12-28,561,"P"
"USGS","01631000",2025-12-29,546,"P"
"USGS","01631000",2025-12-30,513,"P"
"USGS","01631000",2025-12-31,489,"P"
"USGS","01631000",2026-01-01,485,"P"
"USGS","01631000",2026-01-02,469,"P"
"USGS","01631000",2026-01-03,462,"P"
"USGS","01631000",2026-01-04,454,"P"
"USGS","01631000",2026-01-05,452,"P"
"USGS","01631000",2026-01-06,445,"P"
"USGS","01631000",2026-01-07,435,"P"
"USGS","01631000",2026-01-08,436,"P"
"USGS","01631000",2026-01-09,442,"P"
"USGS","01631000",2026-01-10,491,"P"
"USGS","01631000",2026-01-11,626,"P"
"USGS","01631000",2026-01-12,629,"P"
"USGS","01631000",2026-01-13,802,"P"
"USGS","01631000",2026-01-14,744,"P"
"USGS","01631000",2026-01-15,753,"P"
"USGS","01631000",2026-01-16,745,"P"
"USGS","01631000",2026-01-17,695,"P"
"USGS","01631000",2026-01-18,648,"P"
"USGS","01631000",2026-01-19,611,"P"
"USGS","01631000",2026-01-20,569,"P"
"USGS","01631000",2026-01-21,514,"P e"
"USGS","01631000",2026-01-22,499,"P e"
"USGS","01631000",2026-01-23,476,"P"
"USGS","01631000",2026-01-24,441,"P e"
"USGS","01631000",2026-01-25,395,"P e"
"USGS","01631000",2026-01-26,380,"P e"
"USGS","01631000",2026-01-27,443,"P e"
"USGS","01631000",2026-01-28,441,"P e"
"USGS","01631000",2026-01-29,435,"P e"
"USGS","01631000",2026-01-30,429,"P e"
"USGS","01631000",2026-01-31,423,"P e"
"USGS","01631000",2026-02-01,395,"P e"
"USGS","01631000",2026-02-02,409,"P e"
"USGS","01631000",2026-02-03,411,"P e"
"USGS","01631000",2026-02-04,409,"P e"
"USGS","01631000",2026-02-05,406,"P e"
"USGS","01631000",2026-02-06,402,"P e"
"USGS","01631000",2026-02-07,401,"P e"
"USGS","01631000",2026-02-08,387,"P e"
"USGS","01631000",2026-02-09,358,"P e"
"USGS","01631000",2026-02-10,363,"P e"
"USGS","01631000",2026-02-11,396,"P e"
"USGS","01631000",2026-02-12,408,"P e"
"USGS","01631000",2026-02-13,456,"P e"
"USGS","01631000",2026-02-14,536,"P e"
"USGS","01631000",2026-02-15,795,"P e"
"USGS","01631000",2026-02-16,1090,"P"
"USGS","01631000",2026-02-17,1660,"P"
"USGS","01631000",2026-02-18,2400,"P"
"USGS","01631000",2026-02-19,2380,"P"
"USGS","01631000",2026-02-20,3090,"P"
"USGS","01631000",2026-02-21,3540,"P"
"USGS","01631000",2026-02-22,3630,"P"
"USGS","01631000",2026-02-23,3240,"P"
"USGS","01631000",2026-02-24,2860,"P"
"USGS","01631000",2026-02-25,2380,"P"
"USGS","01631000",2026-02-26,2050,"P"
"USGS","01631000",2026-02-27,1840,"P"
"USGS","01631000",2026-02-28,1670,"P"
"USGS","01631000",2026-03-01,1520,"P"
"USGS","01631000",2026-03-02,1380,"P"
"USGS","01631000",2026-03-03,1320,"P"
"USGS","01631000",2026-03-04,1310,"P"
"USGS","01631000",2026-03-05,1330,"P"
"USGS","01631000",2026-03-06,1500,"P"
"USGS","01631000",2026-03-07,1620,"P"
"USGS","01631000",2026-03-08,1680,"P"
"USGS","01631000",2026-03-09,1760,"P"
"USGS","01631000",2026-03-10,1720,"P"
"USGS","01631000",2026-03-11,1600,"P"
"USGS","01631000",2026-03-12,1550,"P"
"USGS","01631000",2026-03-13,1550,"P"
"USGS","01631000",2026-03-14,1600,"P"
"USGS","01631000",2026-03-15,1470,"P"
"USGS","01631000",2026-03-16,1410,"P"
"USGS","01631000",2026-03-17,1760,"P"
"USGS","01631000",2026-03-18,2470,"P"
"USGS","01631000",2026-03-19,2370,"P"
"USGS","01631000",2026-03-20,2130,"P"
"USGS","01631000",2026-03-21,1960,"P"
"USGS","01631000",2026-03-22,1800,"P"
"USGS","01631000",2026-03-23,1680,"P"
"USGS","01631000",2026-03-24,1480,"P"
"USGS","01631000",2026-03-25,1360,"P"
"USGS","01631000",2026-03-26,1250,"P"
"USGS","01631000",2026-03-27,1200,"P"
"USGS","01631000",2026-03-28,1140,"P"
"USGS","01631000",2026-03-29,1140,"P"
"USGS","01631000",2026-03-30,1160,"P"
"USGS","01631000",2026-03-31,1070,"P"
"USGS","01631000",2026-04-01,1010,"P"
"USGS","01631000",2026-04-02,1010,"P"
"USGS","01631000",2026-04-03,984,"P"
"USGS","01631000",2026-04-04,967,"P"
"USGS","01631000",2026-04-05,945,"P"
"USGS","01631000",2026-04-06,921,"P"
"USGS","01631000",2026-04-07,924,"P"
"USGS","01631000",2026-04-08,904,"P"
"USGS","01631000",2026-04-09,849,"P"
"USGS","01631000",2026-04-10,813,"P"
"USGS","01631000",2026-04-11,792,"P"
"USGS","01631000",2026-04-12,762,"P"
"USGS","01631000",2026-04-13,742,"P"
"USGS","01631000",2026-04-14,715,"P"
"USGS","01631000",2026-04-15,701,"P"
"USGS","01631000",2026-04-16,679,"P"
"USGS","01631000",2026-04-17,652,"P"
"USGS","01631000",2026-04-18,599,"P"
"USGS","01631000",2026-04-19,626,"P"
"USGS","01631000",2026-04-20,626,"P"
"USGS","01631000",2026-04-21,568,"P"
"USGS","01631000",2026-04-22,581,"P"
"USGS","01631000",2026-04-23,560,"P"
"USGS","01631000",2026-04-24,547,"P"
"USGS","01631000",2026-04-25,548,"P"
"USGS","01631000",2026-04-26,579,"P"
"USGS","01631000",2026-04-27,574,"P"
"USGS","01631000",2026-04-28,574,"P"
"USGS","01631000",2026-04-29,562,"P"
"USGS","01631000",2026-04-30,585,"P"
"USGS","01631000",2026-05-01,554,"P"
"USGS","01631000",2026-05-02,568,"P"
"USGS","01631000",2026-05-03,537,"P"
"USGS","01631000",2026-05-04,492,"P"
"USGS","01631000",2026-05-05,502,"P"
"USGS","01631000",2026-05-06,481,"P"
"USGS","01631000",2026-05-07,479,"P"
"USGS","01631000",2026-05-08,491,"P"
"USGS","01631000",2026-05-09,468,"P"
"USGS","01631000",2026-05-10,462,"P"
"USGS","01631000",2026-05-11,433,"P"
"USGS","01631000",2026-05-12,467,"P"
"USGS","01631000",2026-05-13,465,"P"
"USGS","01631000",2026-05-14,550,"P"
"USGS","01631000",2026-05-15,547,"P"
"USGS","01631000",2026-05-16,503,"P"
"USGS","01631000",2026-05-17,490,"P"
"USGS","01631000",2026-05-18,451,"P"
"USGS","01631000",2026-05-19,447,"P"
"USGS","01631000",2026-05-20,468,"P"
"USGS","01631000",2026-05-21,511,"P"
"USGS","01631000",2026-05-22,631,"P"
"USGS","01631000",2026-05-23,1620,"P"
"USGS","01631000",2026-05-24,2690,"P"
"USGS","01631000",2026-05-25,3270,"P"
"USGS","01631000",2026-05-26,2960,"P"
"USGS","01631000",2026-05-27,3250,"P"
"USGS","01631000",2026-05-28,3530,"P"
"USGS","01631000",2026-05-29,3030,"P"
"USGS","01631000",2026-05-30,2290,"P"
"USGS","01631000",2026-05-31,1830,"P"
"USGS","01631000",2026-06-01,1430,"P"
"USGS","01631000",2026-06-02,1160,"P"
"USGS","01631000",2026-06-03,984,"P"
"USGS","01631000",2026-06-04,874,"P"
"USGS","01631000",2026-06-05,769,"P"
"USGS","01631000",2026-06-06,696,"P"
"USGS","01631000",2026-06-07,634,"P"
"USGS","01631000",2026-06-08,579,"P"
"USGS","01631000",2026-06-09,529,"P"
"USGS","01631000",2026-06-10,550,"P"
"USGS","01631000",2026-06-11,551,"P"
"USGS","01631000",2026-06-12,517,"P"
"USGS","01631000",2026-06-13,482,"P"
"USGS","01631000",2026-06-14,431,"P"
"USGS","01631000",2026-06-15,424,"P"
"USGS","01631000",2026-06-16,411,"P"
"USGS","01631000",2026-06-17,395,"P"
"USGS","01631000",2026-06-18,376,"P"
"USGS","01631000",2026-06-19,366,"P"
"USGS","01631000",2026-06-20,353,"P"
"USGS","01631000",2026-06-21,344,"P"
"USGS","01631000",2026-06-22,343,"P"
"USGS","01631000",2026-06-23,424,"P"
"USGS","01631000",2026-06-24,477,"P"
"USGS","01631000",2026-06-25,475,"P"
"USGS","01631000",2026-06-26,469,"P"
"USGS","01631000",2026-06-27,424,"P"
"USGS","01631000",2026-06-28,472,"P"
"USGS","01631000",2026-06-29,428,"P"
"USGS","01631000",2026-06-30,458,"P"
"USGS","01631000",2026-07-01,418,"P"
"USGS","01631000",2026-07-02,432,"P"
"USGS","01631000",2026-07-03,377,"P"
"USGS","01631000",2026-07-04,342,"P"
"USGS","01631000",2026-07-05,336,"P"
"USGS","01631000",2026-07-06,441,"P"
"USGS","01631000",2026-07-07,725,"P"
"USGS","01631000",2026-07-08,776,"P"
"USGS","01631000",2026-07-09,598,"P"
"USGS","01631000",2026-07-10,570,"P"
"USGS","01631000",2026-07-11,554,"P"
"USGS","01631000",2026-07-12,543,"P"
"USGS","01631000",2026-07-13,466,"P"
"USGS","01631000",2026-07-14,507,"P"
"USGS","01631000",2026-07-15,586,"P"
"USGS","01631000",2026-07-16,549,"P"
"USGS","01631000",2026-07-17,523,"P"
"USGS","01631000",2026-07-18,489,"P"
"USGS","01631000",2026-07-19,444,"P"
"USGS","01631000",2026-07-20,390,"P"
"USGS","01631000",2026-07-21,436,"P"
"USGS","01631000",2026-07-22,578,"P"
"USGS","01631000",2026-07-23,445,"P"
"USGS","01631000",2026-07-24,436,"P"
"USGS","01631000",2026-07-25,439,"P"
"USGS","01631000",2026-07-26,374,"P"
"USGS","01631000",2026-07-27,359,"P"
"USGS","01631000",2026-07-28,382,"P"
"USGS","01631000",2026-07-29,413,"P"
"USGS","01631000",2026-07-30,375,"P"
"USGS","01631000",2026-07-31,331,"P"
"USGS","01631000",2026-08-01,306,"P"
"USGS","01643700",2025-01-01,54,"A"
"USGS","01643700",2025-01-02,48,"A"
"USGS","01643700",2025-01-03,39.3,"A"
"USGS","01643700",2025-01-04,34.2,"A"
"USGS","01643700",2025-01-05,23.1,"A e"
"USGS","01643700",2025-01-06,24.7,"A e"
"USGS","01643700",2025-01-07,24.4,"A e"
"USGS","01643700",2025-01-08,24.9,"A e"
"USGS","01643700",2025-01-09,21.3,"A e"
"USGS","01643700",2025-01-10,21.3,"A e"
"USGS","01643700",2025-01-11,22,"A e"
"USGS","01643700",2025-01-12,24.6,"A"
"USGS","01643700",2025-01-13,22.4,"A"
"USGS","01643700",2025-01-14,23.7,"A"
"USGS","01643700",2025-01-15,19.6,"A"
"USGS","01643700",2025-01-16,15.3,"A e"
"USGS","01643700",2025-01-17,18.3,"A e"
"USGS","01643700",2025-01-18,21.9,"A"
"USGS","01643700",2025-01-19,21.7,"A e"
"USGS","01643700",2025-01-20,24.3,"A"
"USGS","01643700",2025-01-21,20.9,"A"
"USGS","01643700",2025-01-22,20.2,"A"
"USGS","01643700",2025-01-23,15.2,"A"
"USGS","01643700",2025-01-24,17.3,"A"
"USGS","01643700",2025-01-25,21.4,"A"
"USGS","01643700",2025-01-26,21.5,"A"
"USGS","01643700",2025-01-27,24.2,"A"
"USGS","01643700",2025-01-28,27.7,"A"
"USGS","01643700",2025-01-29,33.9,"A"
"USGS","01643700",2025-01-30,43.8,"A"
"USGS","01643700",2025-01-31,63.2,"A"
"USGS","01643700",2025-02-01,233,"A"
"USGS","01643700",2025-02-02,148,"A"
"USGS","01643700",2025-02-03,109,"A"
"USGS","01643700",2025-02-04,86.3,"A"
"USGS","01643700",2025-02-05,70.9,"A"
"USGS","01643700",2025-02-06,162,"A"
"USGS","01643700",2025-02-07,219,"A"
"USGS","01643700",2025-02-08,144,"A"
"USGS","01643700",2025-02-09,123,"A"
"USGS","01643700",2025-02-10,98,"A"
"USGS","01643700",2025-02-11,84.4,"A"
"USGS","01643700",2025-02-12,85.7,"A"
"USGS","01643700",2025-02-13,119,"A"
"USGS","01643700",2025-02-14,177,"A"
"USGS","01643700",2025-02-15,135,"A"
"USGS","01643700",2025-02-16,214,"A"
"USGS","01643700",2025-02-17,189,"A"
"USGS","01643700",2025-02-18,152,"A"
"USGS","01643700",2025-02-19,128,"A e"
"USGS","01643700",2025-02-20,106,"A e"
"USGS","01643700",2025-02-21,99.7,"A e"
"USGS","01643700",2025-02-22,90.3,"A e"
"USGS","01643700",2025-02-23,76.7,"A e"
"USGS","01643700",2025-02-24,73.7,"A"
"USGS","01643700",2025-02-25,70.5,"A"
"USGS","01643700",2025-02-26,64.8,"A"
"USGS","01643700",2025-02-27,58.7,"A"
"USGS","01643700",2025-02-28,54.1,"A"
"USGS","01643700",2025-03-01,49.1,"A"
"USGS","01643700",2025-03-02,43.1,"A"
"USGS","01643700",2025-03-03,39.5,"A"
"USGS","01643700",2025-03-04,38.6,"A"
"USGS","01643700",2025-03-05,77.5,"A"
"USGS","01643700",2025-03-06,184,"A"
"USGS","01643700",2025-03-07,105,"A"
"USGS","01643700",2025-03-08,92.6,"A"
"USGS","01643700",2025-03-09,82.7,"A"
"USGS","01643700",2025-03-10,74.9,"A"
"USGS","01643700",2025-03-11,69.9,"A"
"USGS","01643700",2025-03-12,64.5,"A"
"USGS","01643700",2025-03-13,59.3,"A"
"USGS","01643700",2025-03-14,54.3,"A"
"USGS","01643700",2025-03-15,52.2,"A"
"USGS","01643700",2025-03-16,53.9,"A"
"USGS","01643700",2025-03-17,109,"A"
"USGS","01643700",2025-03-18,68.2,"A"
"USGS","01643700",2025-03-19,58.1,"A"
"USGS","01643700",2025-03-20,55.1,"A"
"USGS","01643700",2025-03-21,54.8,"A"
"USGS","01643700",2025-03-22,47.7,"A"
"USGS","01643700",2025-03-23,44.4,"A"
"USGS","01643700",2025-03-24,42.7,"A"
"USGS","01643700",2025-03-25,41.2,"A"
"USGS","01643700",2025-03-26,38.2,"A"
"USGS","01643700",2025-03-27,35.2,"A"
"USGS","01643700",2025-03-28,35,"A"
"USGS","01643700",2025-03-29,35.1,"A"
"USGS","01643700",2025-03-30,35.1,"A"
"USGS","01643700",2025-03-31,37,"A"
"USGS","01643700",2025-04-01,94.3,"A"
"USGS","01643700",2025-04-02,58.3,"A"
"USGS","01643700",2025-04-03,51.8,"A"
"USGS","01643700",2025-04-04,61.1,"A"
"USGS","01643700",2025-04-05,61,"A"
"USGS","01643700",2025-04-06,54.6,"A"
"USGS","01643700",2025-04-07,62.8,"A"
"USGS","01643700",2025-04-08,65,"A"
"USGS","01643700",2025-04-09,52.1,"A"
"USGS","01643700",2025-04-10,49.7,"A"
"USGS","01643700",2025-04-11,59.9,"A"
"USGS","01643700",2025-04-12,82,"A"
"USGS","01643700",2025-04-13,75.3,"A"
"USGS","01643700",2025-04-14,67.6,"A"
"USGS","01643700",2025-04-15,91.7,"A"
"USGS","01643700",2025-04-16,74.9,"A"
"USGS","01643700",2025-04-17,64.7,"A"
"USGS","01643700",2025-04-18,59.8,"A"
"USGS","01643700",2025-04-19,56.7,"A"
"USGS","01643700",2025-04-20,53.5,"A"
"USGS","01643700",2025-04-21,47.9,"A"
"USGS","01643700",2025-04-22,46.8,"A"
"USGS","01643700",2025-04-23,41.6,"A"
"USGS","01643700",2025-04-24,38.4,"A"
"USGS","01643700",2025-04-25,35.7,"A"
"USGS","01643700",2025-04-26,54,"A"
"USGS","01643700",2025-04-27,42,"A"
"USGS","01643700",2025-04-28,33,"A"
"USGS","01643700",2025-04-29,29.8,"A"
"USGS","01643700",2025-04-30,29.3,"A"
"USGS","01643700",2025-05-01,27.1,"A"
"USGS","01643700",2025-05-02,25.6,"A"
"USGS","01643700",2025-05-03,28.4,"A"
"USGS","01643700",2025-05-04,158,"A"
"USGS","01643700",2025-05-05,131,"A"
"USGS","01643700",2025-05-06,263,"A"
"USGS","01643700",2025-05-07,155,"A"
"USGS","01643700",2025-05-08,114,"A"
"USGS","01643700",2025-05-09,113,"A"
"USGS","01643700",2025-05-10,92.2,"A"
"USGS","01643700",2025-05-11,70.9,"A"
"USGS","01643700",2025-05-12,61.2,"A"
"USGS","01643700",2025-05-13,222,"A"
"USGS","01643700",2025-05-14,1010,"A"
"USGS","01643700",2025-05-15,1110,"A"
"USGS","01643700",2025-05-16,663,"A"
"USGS","01643700",2025-05-17,430,"A"
"USGS","01643700",2025-05-18,276,"A"
"USGS","01643700",2025-05-19,207,"A"
"USGS","01643700",2025-05-20,166,"A"
"USGS","01643700",2025-05-21,158,"A"
"USGS","01643700",2025-05-22,210,"A"
"USGS","01643700",2025-05-23,150,"A"
"USGS","01643700",2025-05-24,118,"A"
"USGS","01643700",2025-05-25,101,"A"
"USGS","01643700",2025-05-26,88.1,"A"
"USGS","01643700",2025-05-27,84.3,"A"
"USGS","01643700",2025-05-28,513,"A"
"USGS","01643700",2025-05-29,484,"A"
"USGS","01643700",2025-05-30,354,"A"
"USGS","01643700",2025-05-31,494,"A"
"USGS","01643700",2025-06-01,286,"A"
"USGS","01643700",2025-06-02,218,"A"
"USGS","01643700",2025-06-03,176,"A"
"USGS","01643700",2025-06-04,147,"A"
"USGS","01643700",2025-06-05,128,"A"
"USGS","01643700",2025-06-06,137,"A"
"USGS","01643700",2025-06-07,212,"A"
"USGS","01643700",2025-06-08,320,"A"
"USGS","01643700",2025-06-09,307,"A"
"USGS","01643700",2025-06-10,177,"A"
"USGS","01643700",2025-06-11,141,"A"
"USGS","01643700",2025-06-12,117,"A"
"USGS","01643700",2025-06-13,102,"A"
"USGS","01643700",2025-06-14,101,"A"
"USGS","01643700",2025-06-15,132,"A"
"USGS","01643700",2025-06-16,348,"A"
"USGS","01643700",2025-06-17,172,"A"
"USGS","01643700",2025-06-18,150,"A"
"USGS","01643700",2025-06-19,139,"A"
"USGS","01643700",2025-06-20,133,"A"
"USGS","01643700",2025-06-21,100,"A"
"USGS","01643700",2025-06-22,82.8,"A"
"USGS","01643700",2025-06-23,70.3,"A"
"USGS","01643700",2025-06-24,61.5,"A"
"USGS","01643700",2025-06-25,56.6,"A"
"USGS","01643700",2025-06-26,59.7,"A"
"USGS","01643700",2025-06-27,147,"A"
"USGS","01643700",2025-06-28,148,"A"
"USGS","01643700",2025-06-29,95.2,"A"
"USGS","01643700",2025-06-30,77.3,"A"
"USGS","01643700",2025-07-01,116,"A"
"USGS","01643700",2025-07-02,245,"A"
"USGS","01643700",2025-07-03,114,"A"
"USGS","01643700",2025-07-04,80.8,"A"
"USGS","01643700",2025-07-05,64.1,"A"
"USGS","01643700",2025-07-06,54.6,"A"
"USGS","01643700",2025-07-07,49.8,"A"
"USGS","01643700",2025-07-08,83.2,"A"
"USGS","01643700",2025-07-09,99.2,"A"
"USGS","01643700",2025-07-10,91.4,"A"
"USGS","01643700",2025-07-11,63.1,"A"
"USGS","01643700",2025-07-12,53,"A"
"USGS","01643700",2025-07-13,54.9,"A"
"USGS","01643700",2025-07-14,58.9,"A"
"USGS","01643700",2025-07-15,140,"A"
"USGS","01643700",2025-07-16,240,"A"
"USGS","01643700",2025-07-17,584,"A"
"USGS","01643700",2025-07-18,124,"A"
"USGS","01643700",2025-07-19,237,"A"
"USGS","01643700",2025-07-20,141,"A"
"USGS","01643700",2025-07-21,96.5,"A"
"USGS","01643700",2025-07-22,75,"A"
"USGS","01643700",2025-07-23,62.6,"A"
"USGS","01643700",2025-07-24,53.5,"A"
"USGS","01643700",2025-07-25,56.2,"A"
"USGS","01643700",2025-07-26,63.4,"A"
"USGS","01643700",2025-07-27,107,"A"
"USGS","01643700",2025-07-28,94,"A"
"USGS","01643700",2025-07-29,53.5,"A"
"USGS","01643700",2025-07-30,44.1,"A"
"USGS","01643700",2025-07-31,53.4,"A"
"USGS","01643700",2025-08-01,81.6,"A"
"USGS","01643700",2025-08-02,51.8,"A"
"USGS","01643700",2025-08-03,40.3,"A"
"USGS","01643700",2025-08-04,33.9,"A"
"USGS","01643700",2025-08-05,30.3,"A"
"USGS","01643700",2025-08-06,29.9,"A"
"USGS","01643700",2025-08-07,29.8,"A"
"USGS","01643700",2025-08-08,26.7,"A"
"USGS","01643700",2025-08-09,23.8,"A"
"USGS","01643700",2025-08-10,21.8,"A"
"USGS","01643700",2025-08-11,19.9,"A"
"USGS","01643700",2025-08-12,18.8,"A"
"USGS","01643700",2025-08-13,27.5,"A"
"USGS","01643700",2025-08-14,40.1,"A"
"USGS","01643700",2025-08-15,27.8,"A"
"USGS","01643700",2025-08-16,21.3,"A"
"USGS","01643700",2025-08-17,21.5,"A"
"USGS","01643700",2025-08-18,21.4,"A"
"USGS","01643700",2025-08-19,19.8,"A"
"USGS","01643700",2025-08-20,21,"A"
"USGS","01643700",2025-08-21,27.3,"A"
"USGS","01643700",2025-08-22,31.9,"A"
"USGS","01643700",2025-08-23,21.3,"A"
"USGS","01643700",2025-08-24,17.5,"A"
"USGS","01643700",2025-08-25,16.4,"A"
"USGS","01643700",2025-08-26,13.8,"A"
"USGS","01643700",2025-08-27,10.9,"A"
"USGS","01643700",2025-08-28,9.12,"A"
"USGS","01643700",2025-08-29,8.55,"A"
"USGS","01643700",2025-08-30,7.82,"A"
"USGS","01643700",2025-08-31,6.73,"A"
"USGS","01643700",2025-09-01,5.54,"A"
"USGS","01643700",2025-09-02,5.38,"A"
"USGS","01643700",2025-09-03,5.42,"A"
"USGS","01643700",2025-09-04,5.26,"A"
"USGS","01643700",2025-09-05,4.81,"A"
"USGS","01643700",2025-09-06,5.61,"A"
"USGS","01643700",2025-09-07,6.37,"A"
"USGS","01643700",2025-09-08,5.87,"A"
"USGS","01643700",2025-09-09,4.48,"A"
"USGS","01643700",2025-09-10,3.44,"A"
"USGS","01643700",2025-09-11,3.21,"A"
"USGS","01643700",2025-09-12,2.98,"A"
"USGS","01643700",2025-09-13,2.34,"A"
"USGS","01643700",2025-09-14,2.33,"A"
"USGS","01643700",2025-09-15,2.03,"A"
"USGS","01643700",2025-09-16,2.01,"A"
"USGS","01643700",2025-09-17,62.9,"A"
"USGS","01643700",2025-09-18,54.3,"A"
"USGS","01643700",2025-09-19,20.6,"A"
"USGS","01643700",2025-09-20,13,"A"
"USGS","01643700",2025-09-21,10.2,"A"
"USGS","01643700",2025-09-22,9.57,"A"
"USGS","01643700",2025-09-23,10.2,"A"
"USGS","01643700",2025-09-24,10.3,"A"
"USGS","01643700",2025-09-25,13.8,"A"
"USGS","01643700",2025-09-26,18.3,"A"
"USGS","01643700",2025-09-27,15.4,"A"
"USGS","01643700",2025-09-28,19.3,"A"
"USGS","01643700",2025-09-29,17.1,"A"
"USGS","01643700",2025-09-30,13.2,"A"
"USGS","01643700",2025-10-01,11.3,"A"
"USGS","01643700",2025-10-02,9.43,"A"
"USGS","01643700",2025-10-03,7,"A"
"USGS","01643700",2025-10-04,6.13,"A"
"USGS","01643700",2025-10-05,6.04,"A"
"USGS","01643700",2025-10-06,5.67,"A"
"USGS","01643700",2025-10-07,5.06,"A"
"USGS","01643700",2025-10-08,5.99,"A"
"USGS","01643700",2025-10-09,5.79,"A"
"USGS","01643700",2025-10-10,6.35,"A"
"USGS","01643700",2025-10-11,6.23,"A"
"USGS","01643700",2025-10-12,7.27,"A"
"USGS","01643700",2025-10-13,8.82,"A"
"USGS","01643700",2025-10-14,9.42,"A"
"USGS","01643700",2025-10-15,8.58,"A"
"USGS","01643700",2025-10-16,7.85,"A"
"USGS","01643700",2025-10-17,6.11,"A"
"USGS","01643700",2025-10-18,5.18,"A"
"USGS","01643700",2025-10-19,4.78,"A"
"USGS","01643700",2025-10-20,5.79,"A e"
"USGS","01643700",2025-10-21,8.57,"A e"
"USGS","01643700",2025-10-22,7.95,"A"
"USGS","01643700",2025-10-23,5.67,"A"
"USGS","01643700",2025-10-24,4.23,"A"
"USGS","01643700",2025-10-25,3.84,"A"
"USGS","01643700",2025-10-26,4.2,"A"
"USGS","01643700",2025-10-27,4.19,"A"
"USGS","01643700",2025-10-28,4.63,"A"
"USGS","01643700",2025-10-29,4.85,"A"
"USGS","01643700",2025-10-30,55.3,"A"
"USGS","01643700",2025-10-31,44.9,"A"
"USGS","01643700",2025-11-01,17.5,"A"
"USGS","01643700",2025-11-02,11.8,"A"
"USGS","01643700",2025-11-03,9.05,"A"
"USGS","01643700",2025-11-04,7.45,"A"
"USGS","01643700",2025-11-05,6.61,"A"
"USGS","01643700",2025-11-06,6.01,"A"
"USGS","01643700",2025-11-07,4.66,"A"
"USGS","01643700",2025-11-08,7.48,"A"
"USGS","01643700",2025-11-09,9.79,"A"
"USGS","01643700",2025-11-10,10.2,"A"
"USGS","01643700",2025-11-11,8.33,"A"
"USGS","01643700",2025-11-12,7.38,"A"
"USGS","01643700",2025-11-13,6.73,"A"
"USGS","01643700",2025-11-14,6.66,"A"
"USGS","01643700",2025-11-15,6.97,"A"
"USGS","01643700",2025-11-16,8.12,"A"
"USGS","01643700",2025-11-17,8.53,"A"
"USGS","01643700",2025-11-18,8.09,"A"
"USGS","01643700",2025-11-19,9.6,"A"
"USGS","01643700",2025-11-20,15.3,"A"
"USGS","01643700",2025-11-21,13.7,"A"
"USGS","01643700",2025-11-22,12.1,"A"
"USGS","01643700",2025-11-23,11.4,"A"
"USGS","01643700",2025-11-24,10.7,"A"
"USGS","01643700",2025-11-25,9.29,"A"
"USGS","01643700",2025-11-26,10.2,"A"
"USGS","01643700",2025-11-27,11.1,"A"
"USGS","01643700",2025-11-28,9.88,"A"
"USGS","01643700",2025-11-29,8.02,"A"
"USGS","01643700",2025-11-30,7.34,"A"
"USGS","01643700",2025-12-01,7.13,"A"
"USGS","01643700",2025-12-02,12.7,"A"
"USGS","01643700",2025-12-03,38.6,"A"
"USGS","01643700",2025-12-04,24.7,"A"
"USGS","01643700",2025-12-05,18,"A"
"USGS","01643700",2025-12-06,15.8,"A"
"USGS","01643700",2025-12-07,14.1,"A"
"USGS","01643700",2025-12-08,12.6,"A"
"USGS","01643700",2025-12-09,10.9,"A"
"USGS","01643700",2025-12-10,10.4,"A"
"USGS","01643700",2025-12-11,10.5,"A"
"USGS","01643700",2025-12-12,10.4,"A"
"USGS","01643700",2025-12-13,8.57,"A"
"USGS","01643700",2025-12-14,7.91,"A"
"USGS","01643700",2025-12-15,9.07,"A e"
"USGS","01643700",2025-12-16,7.52,"A"
"USGS","01643700",2025-12-17,6.68,"A"
"USGS","01643700",2025-12-18,7.94,"A"
"USGS","01643700",2025-12-19,14.2,"A"
"USGS","01643700",2025-12-20,26.1,"A"
"USGS","01643700",2025-12-21,21.2,"A"
"USGS","01643700",2025-12-22,12.7,"A"
"USGS","01643700",2025-12-23,14.9,"A"
"USGS","01643700",2025-12-24,12.9,"A"
"USGS","01643700",2025-12-25,12,"A"
"USGS","01643700",2025-12-26,11.1,"A"
"USGS","01643700",2025-12-27,10.3,"A"
"USGS","01643700",2025-12-28,9.89,"A"
"USGS","01643700",2025-12-29,9.22,"A"
"USGS","01643700",2025-12-30,8.92,"A"
"USGS","01643700",2025-12-31,7.73,"A"
"USGS","01643700",2026-01-01,7.08,"A"
"USGS","01643700",2026-01-02,7.07,"A"
"USGS","01643700",2026-01-03,6.47,"A"
"USGS","01643700",2026-01-04,8.28,"A"
"USGS","01643700",2026-01-05,7.1,"A"
"USGS","01643700",2026-01-06,7.33,"A"
"USGS","01643700",2026-01-07,7.69,"A"
"USGS","01643700",2026-01-08,8.01,"A"
"USGS","01643700",2026-01-09,7.49,"A"
"USGS","01643700",2026-01-10,15.8,"A"
"USGS","01643700",2026-01-11,115,"A"
"USGS","01643700",2026-01-12,44.9,"A"
"USGS","01643700",2026-01-13,29.7,"A"
"USGS","01643700",2026-01-14,24.2,"A"
"USGS","01643700",2026-01-15,20.6,"A"
"USGS","01643700",2026-01-16,17.4,"A e"
"USGS","01643700",2026-01-17,15.9,"A"
"USGS","01643700",2026-01-18,14.7,"A"
"USGS","01643700",2026-01-19,10.7,"A"
"USGS","01643700",2026-01-20,9.26,"A"
"USGS","01643700",2026-01-21,9.45,"A"
"USGS","01643700",2026-01-22,9.64,"A"
"USGS","01643700",2026-01-23,8.23,"A"
"USGS","01643700",2026-01-24,7.29,"A"
"USGS","01643700",2026-01-25,5.69,"A"
"USGS","01643700",2026-01-26,6.89,"A e"
"USGS","01643700",2026-01-27,8.44,"A e"
"USGS","01643700",2026-01-28,8.78,"A e"
"USGS","01643700",2026-01-29,8.15,"A e"
"USGS","01643700",2026-01-30,7.17,"A e"
"USGS","01643700",2026-01-31,6.33,"A e"
"USGS","01643700",2026-02-01,5.99,"A e"
"USGS","01643700",2026-02-02,6.13,"A e"
"USGS","01643700",2026-02-03,6.73,"A e"
"USGS","01643700",2026-02-04,7.52,"A e"
"USGS","01643700",2026-02-05,8.02,"A e"
"USGS","01643700",2026-02-06,7.92,"A e"
"USGS","01643700",2026-02-07,7.5,"A e"
"USGS","01643700",2026-02-08,6.97,"A e"
"USGS","01643700",2026-02-09,6.74,"A e"
"USGS","01643700",2026-02-10,7.03,"A e"
"USGS","01643700",2026-02-11,8.04,"A e"
"USGS","01643700",2026-02-12,10.6,"A e"
"USGS","01643700",2026-02-13,15.6,"A e"
"USGS","01643700",2026-02-14,27.7,"A e"
"USGS","01643700",2026-02-15,67.9,"A e"
"USGS","01643700",2026-02-16,243,"A e"
"USGS","01643700",2026-02-17,267,"A"
"USGS","01643700",2026-02-18,191,"A"
"USGS","01643700",2026-02-19,167,"A"
"USGS","01643700",2026-02-20,543,"A"
"USGS","01643700",2026-02-21,310,"A"
"USGS","01643700",2026-02-22,217,"A"
"USGS","01643700",2026-02-23,239,"A"
"USGS","01643700",2026-02-24,153,"A"
"USGS","01643700",2026-02-25,128,"A"
"USGS","01643700",2026-02-26,106,"A"
"USGS","01643700",2026-02-27,90.6,"A"
"USGS","01643700",2026-02-28,78.6,"A"
"USGS","01643700",2026-03-01,70,"A"
"USGS","01643700",2026-03-02,60.7,"A"
"USGS","01643700",2026-03-03,61.5,"A"
"USGS","01643700",2026-03-04,82.6,"A"
"USGS","01643700",2026-03-05,73.7,"A"
"USGS","01643700",2026-03-06,108,"A"
"USGS","01643700",2026-03-07,106,"A"
"USGS","01643700",2026-03-08,113,"A"
"USGS","01643700",2026-03-09,98.2,"P"
"USGS","01643700",2026-03-10,86.5,"P"
"USGS","01643700",2026-03-11,80.5,"P"
"USGS","01643700",2026-03-12,124,"P"
"USGS","01643700",2026-03-13,133,"P"
"USGS","01643700",2026-03-14,103,"P"
"USGS","01643700",2026-03-15,88.3,"P"
"USGS","01643700",2026-03-16,179,"P"
"USGS","01643700",2026-03-17,401,"P"
"USGS","01643700",2026-03-18,249,"P"
"USGS","01643700",2026-03-19,197,"P"
"USGS","01643700",2026-03-20,165,"P"
"USGS","01643700",2026-03-21,165,"P"
"USGS","01643700",2026-03-22,135,"P"
"USGS","01643700",2026-03-23,121,"P"
"USGS","01643700",2026-03-24,101,"P"
"USGS","01643700",2026-03-25,90.7,"P"
"USGS","01643700",2026-03-26,85.8,"P"
"USGS","01643700",2026-03-27,92,"P"
"USGS","01643700",2026-03-28,90.3,"P"
"USGS","01643700",2026-03-29,73.8,"P"
"USGS","01643700",2026-03-30,70.9,"P"
"USGS","01643700",2026-03-31,69.3,"P"
"USGS","01643700",2026-04-01,65.4,"P"
"USGS","01643700",2026-04-02,66.9,"P"
"USGS","01643700",2026-04-03,62.9,"P"
"USGS","01643700",2026-04-04,60.2,"P"
"USGS","01643700",2026-04-05,66.3,"P"
"USGS","01643700",2026-04-06,75.5,"P"
"USGS","01643700",2026-04-07,57.5,"P"
"USGS","01643700",2026-04-08,50.6,"P"
"USGS","01643700",2026-04-09,48.3,"P"
"USGS","01643700",2026-04-10,47.2,"P"
"USGS","01643700",2026-04-11,46.3,"P"
"USGS","01643700",2026-04-12,42.7,"P"
"USGS","01643700",2026-04-13,42.2,"P"
"USGS","01643700",2026-04-14,41.4,"P"
"USGS","01643700",2026-04-15,39.9,"P"
"USGS","01643700",2026-04-16,36.9,"P"
"USGS","01643700",2026-04-17,33.5,"P"
"USGS","01643700",2026-04-18,31.5,"P"
"USGS","01643700",2026-04-19,43.8,"P"
"USGS","01643700",2026-04-20,44.1,"P"
"USGS","01643700",2026-04-21,34.3,"P"
"USGS","01643700",2026-04-22,32.9,"P"
"USGS","01643700",2026-04-23,32.1,"P"
"USGS","01643700",2026-04-24,30.5,"P"
"USGS","01643700",2026-04-25,31.3,"P"
"USGS","01643700",2026-04-26,45.2,"P"
"USGS","01643700",2026-04-27,35.9,"P"
"USGS","01643700",2026-04-28,31.2,"P"
"USGS","01643700",2026-04-29,33.3,"P"
"USGS","01643700",2026-04-30,63.3,"P"
"USGS","01643700",2026-05-01,41.8,"P"
"USGS","01643700",2026-05-02,34.1,"P"
"USGS","01643700",2026-05-03,30.5,"P"
"USGS","01643700",2026-05-04,28.9,"P"
"USGS","01643700",2026-05-05,26.6,"P"
"USGS","01643700",2026-05-06,26.4,"P"
"USGS","01643700",2026-05-07,29.7,"P"
"USGS","01643700",2026-05-08,25.6,"P"
"USGS","01643700",2026-05-09,23.3,"P"
"USGS","01643700",2026-05-10,22.9,"P"
"USGS","01643700",2026-05-11,23.6,"P"
"USGS","01643700",2026-05-12,21.5,"P"
"USGS","01643700",2026-05-13,20.4,"P"
"USGS","01643700",2026-05-14,27.9,"P"
"USGS","01643700",2026-05-15,24.1,"P"
"USGS","01643700",2026-05-16,19.8,"P"
"USGS","01643700",2026-05-17,18.6,"P"
"USGS","01643700",2026-05-18,17,"P"
"USGS","01643700",2026-05-19,15.2,"P"
"USGS","01643700",2026-05-20,27.3,"P"
"USGS","01643700",2026-05-21,171,"P"
"USGS","01643700",2026-05-22,143,"P"
"USGS","01643700",2026-05-23,429,"P"
"USGS","01643700",2026-05-24,460,"P"
"USGS","01643700",2026-05-25,287,"P"
"USGS","01643700",2026-05-26,253,"P"
"USGS","01643700",2026-05-27,228,"P"
"USGS","01643700",2026-05-28,459,"P"
"USGS","01643700",2026-05-29,256,"P"
"USGS","01643700",2026-05-30,183,"P"
"USGS","01643700",2026-05-31,136,"P"
"USGS","01643700",2026-06-01,110,"P"
"USGS","01643700",2026-06-02,90.9,"P"
"USGS","01643700",2026-06-03,76.3,"P"
"USGS","01643700",2026-06-04,65.1,"P"
"USGS","01643700",2026-06-05,56.7,"P"
"USGS","01643700",2026-06-06,51.7,"P"
"USGS","01643700",2026-06-07,47.2,"P"
"USGS","01643700",2026-06-08,41,"P"
"USGS","01643700",2026-06-09,37.4,"P"
"USGS","01643700",2026-06-10,58.8,"P"
"USGS","01643700",2026-06-11,100,"P"
"USGS","01643700",2026-06-12,80.9,"P"
"USGS","01643700",2026-06-13,60.5,"P"
"USGS","01643700",2026-06-14,43.9,"P"
"USGS","01643700",2026-06-15,36.4,"P"
"USGS","01643700",2026-06-16,31.4,"P"
"USGS","01643700",2026-06-17,28.1,"P"
"USGS","01643700",2026-06-18,26.3,"P"
"USGS","01643700",2026-06-19,26.9,"P"
"USGS","01643700",2026-06-20,21.7,"P"
"USGS","01643700",2026-06-21,18,"P"
"USGS","01643700",2026-06-22,17.2,"P"
"USGS","01643700",2026-06-23,46.5,"P"
"USGS","01643700",2026-06-24,65.5,"P"
"USGS","01643700",2026-06-25,29.5,"P"
"USGS","01643700",2026-06-26,22.6,"P"
"USGS","01643700",2026-06-27,21.2,"P"
"USGS","01643700",2026-06-28,32,"P"
"USGS","01643700",2026-06-29,34.9,"P"
"USGS","01643700",2026-06-30,25,"P"
"USGS","01643700",2026-07-01,19.3,"P"
"USGS","01643700",2026-07-02,15.2,"P"
"USGS","01643700",2026-07-03,11.9,"P"
"USGS","01643700",2026-07-04,9.45,"P"
"USGS","01643700",2026-07-05,9.41,"P"
"USGS","01643700",2026-07-06,15.6,"P"
"USGS","01643700",2026-07-07,16.7,"P"
"USGS","01643700",2026-07-08,27.6,"P"
"USGS","01643700",2026-07-09,41.9,"P"
"USGS","01643700",2026-07-10,76.7,"P"
"USGS","01643700",2026-07-11,30.8,"P"
"USGS","01643700",2026-07-12,20.7,"P"
"USGS","01643700",2026-07-13,17.1,"P"
"USGS","01643700",2026-07-14,12.8,"P"
"USGS","01643700",2026-07-17,5.88,"P"
"USGS","01643700",2026-07-18,5.5,"P"
"USGS","01643700",2026-07-19,11.5,"P"
"USGS","01643700",2026-07-20,7.66,"P"
"USGS","01643700",2026-07-21,5.91,"P"
"USGS","01643700",2026-07-22,20,"P"
"USGS","01643700",2026-07-23,16,"P"
"USGS","01643700",2026-07-24,7.11,"P"
"USGS","01643700",2026-07-25,4.3,"P"
"USGS","01643700",2026-07-26,4.11,"P"
"USGS","01643700",2026-07-27,3.89,"P"
"USGS","01643700",2026-07-28,3.22,"P"
"USGS","01643700",2026-07-29,4.07,"P"
"USGS","01643700",2026-07-30,8.35,"P"
"USGS","01643700",2026-07-31,3.76,"P"
"USGS","01643700",2026-08-01,2,"P"
"USGS","01663500",2025-01-01,290,"A"
"USGS","01663500",2025-01-02,249,"A"
"USGS","01663500",2025-01-03,217,"A"
"USGS","01663500",2025-01-04,199,"A"
"USGS","01663500",2025-01-05,173,"A e"
"USGS","01663500",2025-01-06,157,"A e"
"USGS","01663500",2025-01-07,175,"A e"
"USGS","01663500",2025-01-08,168,"A e"
"USGS","01663500",2025-01-09,157,"A e"
"USGS","01663500",2025-01-10,148,"A e"
"USGS","01663500",2025-01-11,162,"A e"
"USGS","01663500",2025-01-12,154,"A e"
"USGS","01663500",2025-01-13,147,"A e"
"USGS","01663500",2025-01-14,145,"A e"
"USGS","01663500",2025-01-15,125,"A e"
"USGS","01663500",2025-01-16,112,"A e"
"USGS","01663500",2025-01-17,117,"A e"
"USGS","01663500",2025-01-18,146,"A e"
"USGS","01663500",2025-01-19,146,"A"
"USGS","01663500",2025-01-20,175,"A"
"USGS","01663500",2025-01-21,127,"A"
"USGS","01663500",2025-01-22,169,"A"
"USGS","01663500",2025-01-23,143,"A"
"USGS","01663500",2025-01-24,171,"A e"
"USGS","01663500",2025-01-25,157,"A e"
"USGS","01663500",2025-01-26,156,"A e"
"USGS","01663500",2025-01-27,152,"A e"
"USGS","01663500",2025-01-28,154,"A e"
"USGS","01663500",2025-01-29,157,"A"
"USGS","01663500",2025-01-30,157,"A e"
"USGS","01663500",2025-01-31,191,"A"
"USGS","01663500",2025-02-01,541,"A"
"USGS","01663500",2025-02-02,407,"A"
"USGS","01663500",2025-02-03,327,"A"
"USGS","01663500",2025-02-04,291,"A"
"USGS","01663500",2025-02-05,252,"A"
"USGS","01663500",2025-02-06,1320,"A"
"USGS","01663500",2025-02-07,1500,"A"
"USGS","01663500",2025-02-08,967,"A"
"USGS","01663500",2025-02-09,779,"A"
"USGS","01663500",2025-02-10,616,"A"
"USGS","01663500",2025-02-11,510,"A"
"USGS","01663500",2025-02-12,492,"A"
"USGS","01663500",2025-02-13,625,"A"
"USGS","01663500",2025-02-14,946,"A"
"USGS","01663500",2025-02-15,730,"A"
"USGS","01663500",2025-02-16,1100,"A"
"USGS","01663500",2025-02-17,964,"A"
"USGS","01663500",2025-02-18,775,"A"
"USGS","01663500",2025-02-19,665,"A"
"USGS","01663500",2025-02-20,580,"A"
"USGS","01663500",2025-02-21,492,"A"
"USGS","01663500",2025-02-22,435,"A"
"USGS","01663500",2025-02-23,402,"A"
"USGS","01663500",2025-02-24,370,"A"
"USGS","01663500",2025-02-25,344,"A"
"USGS","01663500",2025-02-26,319,"A"
"USGS","01663500",2025-02-27,296,"A"
"USGS","01663500",2025-02-28,277,"A"
"USGS","01663500",2025-03-01,260,"A"
"USGS","01663500",2025-03-02,240,"A"
"USGS","01663500",2025-03-03,227,"A"
"USGS","01663500",2025-03-04,224,"A"
"USGS","01663500",2025-03-05,296,"A"
"USGS","01663500",2025-03-06,800,"A"
"USGS","01663500",2025-03-07,510,"A"
"USGS","01663500",2025-03-08,433,"A"
"USGS","01663500",2025-03-09,379,"A"
"USGS","01663500",2025-03-10,347,"A"
"USGS","01663500",2025-03-11,323,"A"
"USGS","01663500",2025-03-12,299,"A"
"USGS","01663500",2025-03-13,275,"A"
"USGS","01663500",2025-03-14,258,"A"
"USGS","01663500",2025-03-15,247,"A"
"USGS","01663500",2025-03-16,245,"A"
"USGS","01663500",2025-03-17,423,"A"
"USGS","01663500",2025-03-18,301,"A"
"USGS","01663500",2025-03-19,267,"A"
"USGS","01663500",2025-03-20,261,"A"
"USGS","01663500",2025-03-21,248,"A"
"USGS","01663500",2025-03-22,228,"A"
"USGS","01663500",2025-03-23,219,"A"
"USGS","01663500",2025-03-24,213,"A"
"USGS","01663500",2025-03-25,209,"A"
"USGS","01663500",2025-03-26,197,"A"
"USGS","01663500",2025-03-27,187,"A"
"USGS","01663500",2025-03-28,185,"A"
"USGS","01663500",2025-03-29,184,"A"
"USGS","01663500",2025-03-30,181,"A"
"USGS","01663500",2025-03-31,180,"A"
"USGS","01663500",2025-04-01,231,"A"
"USGS","01663500",2025-04-02,193,"A"
"USGS","01663500",2025-04-03,180,"A"
"USGS","01663500",2025-04-04,184,"A"
"USGS","01663500",2025-04-05,182,"A"
"USGS","01663500",2025-04-06,175,"A"
"USGS","01663500",2025-04-07,240,"A"
"USGS","01663500",2025-04-08,288,"A"
"USGS","01663500",2025-04-09,213,"A"
"USGS","01663500",2025-04-10,196,"A"
"USGS","01663500",2025-04-11,218,"A"
"USGS","01663500",2025-04-12,259,"A"
"USGS","01663500",2025-04-13,240,"A"
"USGS","01663500",2025-04-14,218,"A"
"USGS","01663500",2025-04-15,227,"A"
"USGS","01663500",2025-04-16,210,"A"
"USGS","01663500",2025-04-17,192,"A"
"USGS","01663500",2025-04-18,183,"A"
"USGS","01663500",2025-04-19,178,"A"
"USGS","01663500",2025-04-20,172,"A"
"USGS","01663500",2025-04-21,162,"A"
"USGS","01663500",2025-04-22,160,"A"
"USGS","01663500",2025-04-23,150,"A"
"USGS","01663500",2025-04-24,140,"A"
"USGS","01663500",2025-04-25,136,"A"
"USGS","01663500",2025-04-26,204,"A"
"USGS","01663500",2025-04-27,159,"A"
"USGS","01663500",2025-04-28,136,"A"
"USGS","01663500",2025-04-29,127,"A"
"USGS","01663500",2025-04-30,123,"A"
"USGS","01663500",2025-05-01,116,"A"
"USGS","01663500",2025-05-02,109,"A"
"USGS","01663500",2025-05-03,109,"A"
"USGS","01663500",2025-05-04,284,"A"
"USGS","01663500",2025-05-05,243,"A"
"USGS","01663500",2025-05-06,230,"A"
"USGS","01663500",2025-05-07,189,"A"
"USGS","01663500",2025-05-08,158,"A"
"USGS","01663500",2025-05-09,252,"A"
"USGS","01663500",2025-05-10,205,"A"
"USGS","01663500",2025-05-11,160,"A"
"USGS","01663500",2025-05-12,143,"A"
"USGS","01663500",2025-05-13,917,"A"
"USGS","01663500",2025-05-14,10300,"A"
"USGS","01663500",2025-05-15,5070,"A"
"USGS","01663500",2025-05-16,2340,"A"
"USGS","01663500",2025-05-17,1480,"A"
"USGS","01663500",2025-05-18,1070,"A"
"USGS","01663500",2025-05-19,857,"A"
"USGS","01663500",2025-05-20,697,"A"
"USGS","01663500",2025-05-21,645,"A"
"USGS","01663500",2025-05-22,762,"A"
"USGS","01663500",2025-05-23,595,"A"
"USGS","01663500",2025-05-24,480,"A"
"USGS","01663500",2025-05-25,415,"A"
"USGS","01663500",2025-05-26,371,"A"
"USGS","01663500",2025-05-27,353,"A"
"USGS","01663500",2025-05-28,952,"A"
"USGS","01663500",2025-05-29,1010,"A"
"USGS","01663500",2025-05-30,779,"A"
"USGS","01663500",2025-05-31,736,"A"
"USGS","01663500",2025-06-01,576,"A"
"USGS","01663500",2025-06-02,479,"A"
"USGS","01663500",2025-06-03,403,"A"
"USGS","01663500",2025-06-04,351,"A"
"USGS","01663500",2025-06-05,313,"A"
"USGS","01663500",2025-06-06,284,"A"
"USGS","01663500",2025-06-07,399,"A"
"USGS","01663500",2025-06-08,381,"A"
"USGS","01663500",2025-06-09,491,"A"
"USGS","01663500",2025-06-10,441,"A"
"USGS","01663500",2025-06-11,304,"A"
"USGS","01663500",2025-06-12,255,"A"
"USGS","01663500",2025-06-13,340,"A"
"USGS","01663500",2025-06-14,866,"A"
"USGS","01663500",2025-06-15,712,"A"
"USGS","01663500",2025-06-16,762,"A"
"USGS","01663500",2025-06-17,642,"A"
"USGS","01663500",2025-06-18,557,"A"
"USGS","01663500",2025-06-19,454,"A"
"USGS","01663500",2025-06-20,454,"A"
"USGS","01663500",2025-06-21,346,"A"
"USGS","01663500",2025-06-22,282,"A"
"USGS","01663500",2025-06-23,239,"A"
"USGS","01663500",2025-06-24,206,"A"
"USGS","01663500",2025-06-25,213,"A"
"USGS","01663500",2025-06-26,255,"A"
"USGS","01663500",2025-06-27,330,"A"
"USGS","01663500",2025-06-28,278,"A"
"USGS","01663500",2025-06-29,307,"A"
"USGS","01663500",2025-06-30,357,"A"
"USGS","01663500",2025-07-01,430,"A"
"USGS","01663500",2025-07-02,1430,"A"
"USGS","01663500",2025-07-03,709,"A"
"USGS","01663500",2025-07-04,462,"A"
"USGS","01663500",2025-07-05,344,"A"
"USGS","01663500",2025-07-06,283,"A"
"USGS","01663500",2025-07-07,250,"A"
"USGS","01663500",2025-07-08,230,"A"
"USGS","01663500",2025-07-09,529,"A"
"USGS","01663500",2025-07-10,812,"A"
"USGS","01663500",2025-07-11,374,"A"
"USGS","01663500",2025-07-12,280,"A"
"USGS","01663500",2025-07-13,230,"A"
"USGS","01663500",2025-07-14,550,"A"
"USGS","01663500",2025-07-15,880,"A"
"USGS","01663500",2025-07-16,610,"A"
"USGS","01663500",2025-07-17,1040,"A"
"USGS","01663500",2025-07-18,650,"A"
"USGS","01663500",2025-07-19,822,"A"
"USGS","01663500",2025-07-20,705,"A"
"USGS","01663500",2025-07-21,523,"A"
"USGS","01663500",2025-07-22,410,"A"
"USGS","01663500",2025-07-23,333,"A"
"USGS","01663500",2025-07-24,287,"A"
"USGS","01663500",2025-07-25,390,"A"
"USGS","01663500",2025-07-26,383,"A"
"USGS","01663500",2025-07-27,560,"A"
"USGS","01663500",2025-07-28,358,"A"
"USGS","01663500",2025-07-29,255,"A"
"USGS","01663500",2025-07-30,215,"A"
"USGS","01663500",2025-07-31,197,"A"
"USGS","01663500",2025-08-01,199,"A"
"USGS","01663500",2025-08-02,212,"A"
"USGS","01663500",2025-08-03,178,"A"
"USGS","01663500",2025-08-04,162,"A e"
"USGS","01663500",2025-08-05,144,"A e"
"USGS","01663500",2025-08-06,139,"A"
"USGS","01663500",2025-08-07,138,"A"
"USGS","01663500",2025-08-08,130,"A"
"USGS","01663500",2025-08-09,120,"A"
"USGS","01663500",2025-08-10,113,"A"
"USGS","01663500",2025-08-11,105,"A"
"USGS","01663500",2025-08-12,101,"A"
"USGS","01663500",2025-08-13,108,"A"
"USGS","01663500",2025-08-14,161,"A"
"USGS","01663500",2025-08-15,128,"A"
"USGS","01663500",2025-08-16,104,"A"
"USGS","01663500",2025-08-17,97.9,"A"
"USGS","01663500",2025-08-18,128,"A"
"USGS","01663500",2025-08-19,106,"A"
"USGS","01663500",2025-08-20,105,"A"
"USGS","01663500",2025-08-21,115,"A"
"USGS","01663500",2025-08-22,125,"A"
"USGS","01663500",2025-08-23,102,"A"
"USGS","01663500",2025-08-24,88.8,"A"
"USGS","01663500",2025-08-25,106,"A"
"USGS","01663500",2025-08-26,97,"A"
"USGS","01663500",2025-08-27,75.9,"A"
"USGS","01663500",2025-08-28,67.6,"A"
"USGS","01663500",2025-08-29,62.7,"A"
"USGS","01663500",2025-08-30,58.1,"A"
"USGS","01663500",2025-08-31,53.7,"A"
"USGS","01663500",2025-09-01,51.1,"A"
"USGS","01663500",2025-09-02,48.4,"A"
"USGS","01663500",2025-09-03,47.1,"A e"
"USGS","01663500",2025-09-04,46.8,"A e"
"USGS","01663500",2025-09-05,46.3,"A e"
"USGS","01663500",2025-09-06,52.2,"A e"
"USGS","01663500",2025-09-07,55.4,"A e"
"USGS","01663500",2025-09-08,47.7,"A e"
"USGS","01663500",2025-09-09,39.7,"A"
"USGS","01663500",2025-09-10,35.8,"A"
"USGS","01663500",2025-09-11,34.3,"A"
"USGS","01663500",2025-09-12,33.2,"A"
"USGS","01663500",2025-09-13,31.6,"A"
"USGS","01663500",2025-09-14,29.7,"A"
"USGS","01663500",2025-09-15,28.4,"A"
"USGS","01663500",2025-09-16,27.4,"A"
"USGS","01663500",2025-09-17,36.4,"A"
"USGS","01663500",2025-09-18,70,"A"
"USGS","01663500",2025-09-19,58.7,"A"
"USGS","01663500",2025-09-20,42.5,"A"
"USGS","01663500",2025-09-21,36.7,"A"
"USGS","01663500",2025-09-22,36.2,"A"
"USGS","01663500",2025-09-23,43.9,"A"
"USGS","01663500",2025-09-24,42.5,"A"
"USGS","01663500",2025-09-25,44.9,"A"
"USGS","01663500",2025-09-26,54.3,"A"
"USGS","01663500",2025-09-27,52.1,"A"
"USGS","01663500",2025-09-28,51.1,"A"
"USGS","01663500",2025-09-29,54.9,"A"
"USGS","01663500",2025-09-30,48.2,"A"
"USGS","01663500",2025-10-01,44.4,"A"
"USGS","01663500",2025-10-02,41,"A"
"USGS","01663500",2025-10-03,37,"A"
"USGS","01663500",2025-10-04,35.6,"A"
"USGS","01663500",2025-10-05,34.4,"A"
"USGS","01663500",2025-10-06,33.1,"A"
"USGS","01663500",2025-10-07,31.6,"A"
"USGS","01663500",2025-10-08,30.3,"A"
"USGS","01663500",2025-10-09,30.2,"A"
"USGS","01663500",2025-10-10,30.3,"A"
"USGS","01663500",2025-10-11,30.1,"A"
"USGS","01663500",2025-10-12,31.2,"A"
"USGS","01663500",2025-10-13,36.5,"A"
"USGS","01663500",2025-10-14,50.4,"A"
"USGS","01663500",2025-10-15,45,"A"
"USGS","01663500",2025-10-16,38.2,"A"
"USGS","01663500",2025-10-17,33.9,"A"
"USGS","01663500",2025-10-18,32.2,"A"
"USGS","01663500",2025-10-19,32.7,"A"
"USGS","01663500",2025-10-20,34.3,"A"
"USGS","01663500",2025-10-21,43.8,"A"
"USGS","01663500",2025-10-22,42.1,"A"
"USGS","01663500",2025-10-23,42,"A"
"USGS","01663500",2025-10-24,42.7,"A"
"USGS","01663500",2025-10-25,38,"A"
"USGS","01663500",2025-10-26,36.2,"A"
"USGS","01663500",2025-10-27,37,"A"
"USGS","01663500",2025-10-28,36.6,"A"
"USGS","01663500",2025-10-29,37.5,"A"
"USGS","01663500",2025-10-30,217,"A"
"USGS","01663500",2025-10-31,268,"A"
"USGS","01663500",2025-11-01,111,"A"
"USGS","01663500",2025-11-02,82.5,"A"
"USGS","01663500",2025-11-03,71.7,"A"
"USGS","01663500",2025-11-04,64,"A"
"USGS","01663500",2025-11-05,58.8,"A"
"USGS","01663500",2025-11-06,55.6,"A"
"USGS","01663500",2025-11-07,53.2,"A"
"USGS","01663500",2025-11-08,55,"A"
"USGS","01663500",2025-11-09,57.9,"A"
"USGS","01663500",2025-11-10,56.5,"A"
"USGS","01663500",2025-11-11,50.5,"A"
"USGS","01663500",2025-11-12,47.9,"A"
"USGS","01663500",2025-11-13,47.4,"A"
"USGS","01663500",2025-11-14,47.8,"A"
"USGS","01663500",2025-11-15,47.5,"A"
"USGS","01663500",2025-11-16,47.6,"A"
"USGS","01663500",2025-11-17,48.8,"A"
"USGS","01663500",2025-11-18,47.7,"A"
"USGS","01663500",2025-11-19,53.3,"A"
"USGS","01663500",2025-11-20,68.5,"A"
"USGS","01663500",2025-11-21,63.6,"A"
"USGS","01663500",2025-11-22,59,"A"
"USGS","01663500",2025-11-23,59.6,"A"
"USGS","01663500",2025-11-24,56.8,"A"
"USGS","01663500",2025-11-25,53,"A"
"USGS","01663500",2025-11-26,52.8,"A"
"USGS","01663500",2025-11-27,53.2,"A"
"USGS","01663500",2025-11-28,50.1,"A"
"USGS","01663500",2025-11-29,47.9,"A"
"USGS","01663500",2025-11-30,47.5,"A"
"USGS","01663500",2025-12-01,48.6,"A"
"USGS","01663500",2025-12-02,57.3,"A"
"USGS","01663500",2025-12-03,91.3,"A"
"USGS","01663500",2025-12-04,83.1,"A"
"USGS","01663500",2025-12-05,67.6,"A"
"USGS","01663500",2025-12-06,62.7,"A"
"USGS","01663500",2025-12-07,59.7,"A"
"USGS","01663500",2025-12-08,56.9,"A"
"USGS","01663500",2025-12-09,54.6,"A"
"USGS","01663500",2025-12-10,53,"A"
"USGS","01663500",2025-12-11,52.1,"A"
"USGS","01663500",2025-12-12,51.5,"A"
"USGS","01663500",2025-12-13,49.6,"A e"
"USGS","01663500",2025-12-14,47.5,"A e"
"USGS","01663500",2025-12-15,41.6,"A e"
"USGS","01663500",2025-12-16,44.5,"A e"
"USGS","01663500",2025-12-17,43.4,"A e"
"USGS","01663500",2025-12-18,48.5,"A e"
"USGS","01663500",2025-12-19,105,"A"
"USGS","01663500",2025-12-20,219,"A"
"USGS","01663500",2025-12-21,124,"A"
"USGS","01663500",2025-12-22,99.6,"A"
"USGS","01663500",2025-12-23,86.8,"A"
"USGS","01663500",2025-12-24,79.3,"A"
"USGS","01663500",2025-12-25,74,"A"
"USGS","01663500",2025-12-26,69.6,"A"
"USGS","01663500",2025-12-27,66.7,"A"
"USGS","01663500",2025-12-28,64.6,"A"
"USGS","01663500",2025-12-29,62.1,"A"
"USGS","01663500",2025-12-30,59.7,"A"
"USGS","01663500",2025-12-31,55.9,"A"
"USGS","01663500",2026-01-01,52.9,"A"
"USGS","01663500",2026-01-02,51.5,"A e"
"USGS","01663500",2026-01-03,52,"A e"
"USGS","01663500",2026-01-04,54.8,"A"
"USGS","01663500",2026-01-05,50.3,"A e"
"USGS","01663500",2026-01-06,50.4,"A"
"USGS","01663500",2026-01-07,51.6,"A"
"USGS","01663500",2026-01-08,50.1,"A"
"USGS","01663500",2026-01-09,47.8,"A"
"USGS","01663500",2026-01-10,66.2,"A"
"USGS","01663500",2026-01-11,412,"A"
"USGS","01663500",2026-01-12,189,"A"
"USGS","01663500",2026-01-13,133,"A"
"USGS","01663500",2026-01-14,114,"A"
"USGS","01663500",2026-01-15,101,"A"
"USGS","01663500",2026-01-16,88.4,"A"
"USGS","01663500",2026-01-17,79.9,"A e"
"USGS","01663500",2026-01-18,82.5,"A"
"USGS","01663500",2026-01-19,75.2,"A"
"USGS","01663500",2026-01-20,61.6,"A e"
"USGS","01663500",2026-01-21,58.2,"A e"
"USGS","01663500",2026-01-22,71.5,"A e"
"USGS","01663500",2026-01-23,64.9,"A e"
"USGS","01663500",2026-01-24,60.1,"A e"
"USGS","01663500",2026-01-25,96.7,"A e"
"USGS","01663500",2026-01-26,171,"A e"
"USGS","01663500",2026-01-27,183,"A e"
"USGS","01663500",2026-01-28,118,"A e"
"USGS","01663500",2026-01-29,77.8,"A e"
"USGS","01663500",2026-01-30,70.3,"A e"
"USGS","01663500",2026-01-31,65.5,"A e"
"USGS","01663500",2026-02-01,59,"A e"
"USGS","01663500",2026-02-02,55.3,"A e"
"USGS","01663500",2026-02-03,54.1,"A e"
"USGS","01663500",2026-02-04,52.9,"A e"
"USGS","01663500",2026-02-05,58.7,"A e"
"USGS","01663500",2026-02-06,63.8,"A e"
"USGS","01663500",2026-02-07,58.7,"A e"
"USGS","01663500",2026-02-08,53.5,"A e"
"USGS","01663500",2026-02-09,45.7,"A e"
"USGS","01663500",2026-02-10,41.9,"A e"
"USGS","01663500",2026-02-11,72.7,"A e"
"USGS","01663500",2026-02-12,116,"A e"
"USGS","01663500",2026-02-13,148,"A e"
"USGS","01663500",2026-02-14,144,"A e"
"USGS","01663500",2026-02-15,211,"A e"
"USGS","01663500",2026-02-16,601,"A e"
"USGS","01663500",2026-02-17,617,"A"
"USGS","01663500",2026-02-18,446,"A"
"USGS","01663500",2026-02-19,446,"A"
"USGS","01663500",2026-02-20,1120,"A"
"USGS","01663500",2026-02-21,969,"A"
"USGS","01663500",2026-02-22,660,"A"
"USGS","01663500",2026-02-23,620,"A"
"USGS","01663500",2026-02-24,456,"A"
"USGS","01663500",2026-02-25,374,"A"
"USGS","01663500",2026-02-26,326,"A"
"USGS","01663500",2026-02-27,291,"A"
"USGS","01663500",2026-02-28,260,"A"
"USGS","01663500",2026-03-01,239,"A"
"USGS","01663500",2026-03-02,218,"A"
"USGS","01663500",2026-03-03,215,"A"
"USGS","01663500",2026-03-04,237,"A"
"USGS","01663500",2026-03-05,257,"A"
"USGS","01663500",2026-03-06,274,"A"
"USGS","01663500",2026-03-07,276,"A"
"USGS","01663500",2026-03-08,278,"A"
"USGS","01663500",2026-03-09,266,"A"
"USGS","01663500",2026-03-10,244,"A"
"USGS","01663500",2026-03-11,231,"A"
"USGS","01663500",2026-03-12,258,"A"
"USGS","01663500",2026-03-13,348,"A"
"USGS","01663500",2026-03-14,282,"A"
"USGS","01663500",2026-03-15,251,"A"
"USGS","01663500",2026-03-16,438,"A"
"USGS","01663500",2026-03-17,880,"A"
"USGS","01663500",2026-03-18,658,"A"
"USGS","01663500",2026-03-19,555,"A"
"USGS","01663500",2026-03-20,463,"A"
"USGS","01663500",2026-03-21,417,"A"
"USGS","01663500",2026-03-22,357,"A"
"USGS","01663500",2026-03-23,318,"A"
"USGS","01663500",2026-03-24,275,"A"
"USGS","01663500",2026-03-25,247,"A"
"USGS","01663500",2026-03-26,231,"A"
"USGS","01663500",2026-03-27,223,"A"
"USGS","01663500",2026-03-28,224,"A"
"USGS","01663500",2026-03-29,197,"A"
"USGS","01663500",2026-03-30,188,"A"
"USGS","01663500",2026-03-31,186,"A"
"USGS","01663500",2026-04-01,191,"A"
"USGS","01663500",2026-04-02,218,"A"
"USGS","01663500",2026-04-03,187,"A e"
"USGS","01663500",2026-04-04,172,"A e"
"USGS","01663500",2026-04-05,164,"A e"
"USGS","01663500",2026-04-06,195,"A e"
"USGS","01663500",2026-04-07,171,"A"
"USGS","01663500",2026-04-08,156,"A"
"USGS","01663500",2026-04-09,150,"A"
"USGS","01663500",2026-04-10,149,"A"
"USGS","01663500",2026-04-11,147,"A"
"USGS","01663500",2026-04-12,139,"A"
"USGS","01663500",2026-04-13,136,"A"
"USGS","01663500",2026-04-14,135,"A"
"USGS","01663500",2026-04-15,130,"A"
"USGS","01663500",2026-04-16,123,"A"
"USGS","01663500",2026-04-17,115,"A"
"USGS","01663500",2026-04-18,108,"A"
"USGS","01663500",2026-04-19,114,"A"
"USGS","01663500",2026-04-20,128,"A"
"USGS","01663500",2026-04-21,107,"A"
"USGS","01663500",2026-04-22,103,"A"
"USGS","01663500",2026-04-23,102,"A"
"USGS","01663500",2026-04-24,97.2,"A"
"USGS","01663500",2026-04-25,94.3,"A"
"USGS","01663500",2026-04-26,126,"A"
"USGS","01663500",2026-04-27,120,"A"
"USGS","01663500",2026-04-28,100,"P"
"USGS","01663500",2026-04-29,99.4,"P"
"USGS","01663500",2026-04-30,131,"P"
"USGS","01663500",2026-05-01,117,"P"
"USGS","01663500",2026-05-02,97.4,"P"
"USGS","01663500",2026-05-03,88.8,"P"
"USGS","01663500",2026-05-04,83.6,"P"
"USGS","01663500",2026-05-05,80.3,"P"
"USGS","01663500",2026-05-06,78.4,"P"
"USGS","01663500",2026-05-07,109,"P"
"USGS","01663500",2026-05-08,106,"P"
"USGS","01663500",2026-05-09,82.7,"P"
"USGS","01663500",2026-05-10,76.4,"P"
"USGS","01663500",2026-05-11,86.9,"P"
"USGS","01663500",2026-05-12,99.3,"P"
"USGS","01663500",2026-05-13,82.5,"P"
"USGS","01663500",2026-05-14,90,"P"
"USGS","01663500",2026-05-15,92.8,"P"
"USGS","01663500",2026-05-16,74.9,"P"
"USGS","01663500",2026-05-17,67.8,"P"
"USGS","01663500",2026-05-18,63.8,"P"
"USGS","01663500",2026-05-19,58.8,"P"
"USGS","01663500",2026-05-20,53.8,"P"
"USGS","01663500",2026-05-21,67.1,"P"
"USGS","01663500",2026-05-22,240,"P"
"USGS","01663500",2026-05-23,539,"P"
"USGS","01663500",2026-05-24,786,"P"
"USGS","01663500",2026-05-25,552,"P"
"USGS","01663500",2026-05-26,519,"P"
"USGS","01663500",2026-05-27,495,"P"
"USGS","01663500",2026-05-28,442,"P"
"USGS","01663500",2026-05-29,314,"P"
"USGS","01663500",2026-05-30,250,"P"
"USGS","01663500",2026-05-31,201,"P"
"USGS","01663500",2026-06-01,173,"P"
"USGS","01663500",2026-06-02,151,"P"
"USGS","01663500",2026-06-03,132,"P"
"USGS","01663500",2026-06-04,117,"P"
"USGS","01663500",2026-06-05,105,"P"
"USGS","01663500",2026-06-06,95.6,"P"
"USGS","01663500",2026-06-07,88.8,"P"
"USGS","01663500",2026-06-08,79.9,"P"
"USGS","01663500",2026-06-09,74.3,"P"
"USGS","01663500",2026-06-10,83.8,"P"
"USGS","01663500",2026-06-11,101,"P"
"USGS","01663500",2026-06-12,95,"P"
"USGS","01663500",2026-06-13,85.9,"P"
"USGS","01663500",2026-06-14,67,"P"
"USGS","01663500",2026-06-15,57.3,"P"
"USGS","01663500",2026-06-16,51.8,"P"
"USGS","01663500",2026-06-17,48.9,"P"
"USGS","01663500",2026-06-18,46.9,"P"
"USGS","01663500",2026-06-19,46.2,"P"
"USGS","01663500",2026-06-20,43.5,"P"
"USGS","01663500",2026-06-21,39.2,"P"
"USGS","01663500",2026-06-22,39,"P"
"USGS","01663500",2026-06-23,118,"P"
"USGS","01663500",2026-06-24,139,"P"
"USGS","01663500",2026-06-25,75.3,"P"
"USGS","01663500",2026-06-26,55.1,"P"
"USGS","01663500",2026-06-27,113,"P"
"USGS","01663500",2026-06-28,87.1,"P"
"USGS","01663500",2026-06-29,87.2,"P"
"USGS","01663500",2026-06-30,71.7,"P"
"USGS","01663500",2026-07-01,57.1,"P"
"USGS","01663500",2026-07-02,48.1,"P"
"USGS","01663500",2026-07-03,40.6,"P"
"USGS","01663500",2026-07-04,36.2,"P"
"USGS","01663500",2026-07-05,59.6,"P"
"USGS","01663500",2026-07-06,73.2,"P"
"USGS","01663500",2026-07-07,57.4,"P"
"USGS","01663500",2026-07-08,71.9,"P"
"USGS","01663500",2026-07-09,96.5,"P"
"USGS","01663500",2026-07-10,135,"P"
"USGS","01663500",2026-07-11,71.2,"P"
"USGS","01663500",2026-07-12,53.9,"P"
"USGS","01663500",2026-07-13,48.7,"P"
"USGS","01663500",2026-07-14,43.6,"P"
"USGS","01663500",2026-07-17,29,"P"
"USGS","01663500",2026-07-18,26.3,"P"
"USGS","01663500",2026-07-19,25,"P"
"USGS","01663500",2026-07-20,24.1,"P"
"USGS","01663500",2026-07-21,23.2,"P"
"USGS","01663500",2026-07-22,38,"P"
"USGS","01663500",2026-07-23,46.8,"P"
"USGS","01663500",2026-07-24,30.2,"P"
"USGS","01663500",2026-07-25,23.5,"P"
"USGS","01663500",2026-07-26,21.2,"P"
"USGS","01663500",2026-07-27,20.5,"P"
"USGS","01663500",2026-07-28,28.2,"P"
"USGS","01663500",2026-07-29,290,"P"
"USGS","01663500",2026-07-30,100,"P"
"USGS","01663500",2026-07-31,50.3,"P"
"USGS","01663500",2026-08-01,35.1,"P"
"USGS","02029000",2025-01-01,7760,"A"
"USGS","02029000",2025-01-02,6810,"A"
"USGS","02029000",2025-01-03,5780,"A"
"USGS","02029000",2025-01-04,4850,"A"
"USGS","02029000",2025-01-05,4140,"A"
"USGS","02029000",2025-01-06,4460,"A"
"USGS","02029000",2025-01-07,5650,"A"
"USGS","02029000",2025-01-08,4660,"A"
"USGS","02029000",2025-01-09,4000,"A"
"USGS","02029000",2025-01-10,3340,"A"
"USGS","02029000",2025-01-11,3220,"A"
"USGS","02029000",2025-01-12,2990,"A"
"USGS","02029000",2025-01-13,2830,"A"
"USGS","02029000",2025-01-14,2760,"A"
"USGS","02029000",2025-01-15,2590,"A"
"USGS","02029000",2025-01-16,2430,"A e"
"USGS","02029000",2025-01-17,2320,"A"
"USGS","02029000",2025-01-18,2170,"A"
"USGS","02029000",2025-01-19,2360,"A"
"USGS","02029000",2025-01-20,2750,"A"
"USGS","02029000",2025-01-21,2870,"A"
"USGS","02029000",2025-01-22,3430,"A"
"USGS","02029000",2025-01-23,3740,"A"
"USGS","02029000",2025-01-24,2790,"A"
"USGS","02029000",2025-01-25,2760,"A"
"USGS","02029000",2025-01-26,2720,"A"
"USGS","02029000",2025-01-27,2670,"A"
"USGS","02029000",2025-01-28,2450,"A"
"USGS","02029000",2025-01-29,2430,"A"
"USGS","02029000",2025-01-30,2360,"A"
"USGS","02029000",2025-01-31,2590,"A"
"USGS","02029000",2025-02-01,8330,"A"
"USGS","02029000",2025-02-02,29600,"A"
"USGS","02029000",2025-02-03,18600,"A"
"USGS","02029000",2025-02-04,12600,"A"
"USGS","02029000",2025-02-05,9670,"A"
"USGS","02029000",2025-02-06,10200,"A"
"USGS","02029000",2025-02-07,16400,"A"
"USGS","02029000",2025-02-08,26000,"A"
"USGS","02029000",2025-02-09,19800,"A"
"USGS","02029000",2025-02-10,21000,"A"
"USGS","02029000",2025-02-11,17600,"A"
"USGS","02029000",2025-02-12,16100,"A"
"USGS","02029000",2025-02-13,18700,"A"
"USGS","02029000",2025-02-14,24900,"A"
"USGS","02029000",2025-02-15,27500,"A"
"USGS","02029000",2025-02-16,61900,"A"
"USGS","02029000",2025-02-17,82500,"A"
"USGS","02029000",2025-02-18,49000,"A"
"USGS","02029000",2025-02-19,28600,"A"
"USGS","02029000",2025-02-20,22700,"A"
"USGS","02029000",2025-02-21,18100,"A"
"USGS","02029000",2025-02-22,14300,"A"
"USGS","02029000",2025-02-23,11600,"A"
"USGS","02029000",2025-02-24,9870,"A"
"USGS","02029000",2025-02-25,8850,"A"
"USGS","02029000",2025-02-26,8040,"A"
"USGS","02029000",2025-02-27,7420,"A"
"USGS","02029000",2025-02-28,6980,"A"
"USGS","02029000",2025-03-01,6600,"A"
"USGS","02029000",2025-03-02,6090,"A"
"USGS","02029000",2025-03-03,5620,"A"
"USGS","02029000",2025-03-04,5140,"A e"
"USGS","02029000",2025-03-05,4920,"A"
"USGS","02029000",2025-03-06,6150,"A"
"USGS","02029000",2025-03-07,10500,"A"
"USGS","02029000",2025-03-08,10300,"A"
"USGS","02029000",2025-03-09,8970,"A"
"USGS","02029000",2025-03-10,8010,"A"
"USGS","02029000",2025-03-11,7110,"A"
"USGS","02029000",2025-03-12,6350,"A"
"USGS","02029000",2025-03-13,5810,"A"
"USGS","02029000",2025-03-14,5400,"A"
"USGS","02029000",2025-03-15,4890,"A"
"USGS","02029000",2025-03-16,4580,"A"
"USGS","02029000",2025-03-17,4280,"A"
"USGS","02029000",2025-03-18,4260,"A"
"USGS","02029000",2025-03-19,4850,"A"
"USGS","02029000",2025-03-20,5700,"A"
"USGS","02029000",2025-03-21,5810,"A"
"USGS","02029000",2025-03-22,5320,"A"
"USGS","02029000",2025-03-23,4970,"A"
"USGS","02029000",2025-03-24,4650,"A"
"USGS","02029000",2025-03-25,4090,"A"
"USGS","02029000",2025-03-26,3760,"A"
"USGS","02029000",2025-03-27,3460,"A"
"USGS","02029000",2025-03-28,3190,"A"
"USGS","02029000",2025-03-29,3160,"A"
"USGS","02029000",2025-03-30,2990,"A"
"USGS","02029000",2025-03-31,2740,"A"
"USGS","02029000",2025-04-01,3100,"A"
"USGS","02029000",2025-04-02,2990,"A"
"USGS","02029000",2025-04-03,2770,"A"
"USGS","02029000",2025-04-04,2720,"A"
"USGS","02029000",2025-04-05,2660,"A"
"USGS","02029000",2025-04-06,2540,"A"
"USGS","02029000",2025-04-07,3160,"A"
"USGS","02029000",2025-04-08,5560,"A"
"USGS","02029000",2025-04-09,6150,"A"
"USGS","02029000",2025-04-10,5560,"A"
"USGS","02029000",2025-04-11,5110,"A"
"USGS","02029000",2025-04-12,5030,"A"
"USGS","02029000",2025-04-13,4630,"A"
"USGS","02029000",2025-04-14,4340,"A"
"USGS","02029000",2025-04-15,4650,"A"
"USGS","02029000",2025-04-16,4820,"A"
"USGS","02029000",2025-04-17,6420,"A"
"USGS","02029000",2025-04-18,5580,"A"
"USGS","02029000",2025-04-19,5160,"A"
"USGS","02029000",2025-04-20,4710,"A"
"USGS","02029000",2025-04-21,4350,"A"
"USGS","02029000",2025-04-22,3940,"A"
"USGS","02029000",2025-04-23,3530,"A"
"USGS","02029000",2025-04-24,3270,"A"
"USGS","02029000",2025-04-25,3050,"A"
"USGS","02029000",2025-04-26,2930,"A"
"USGS","02029000",2025-04-27,2780,"A"
"USGS","02029000",2025-04-28,2790,"A"
"USGS","02029000",2025-04-29,2760,"A"
"USGS","02029000",2025-04-30,2900,"A"
"USGS","02029000",2025-05-01,2800,"A"
"USGS","02029000",2025-05-02,2580,"A"
"USGS","02029000",2025-05-03,2370,"A"
"USGS","02029000",2025-05-04,2680,"A"
"USGS","02029000",2025-05-05,3620,"A"
"USGS","02029000",2025-05-06,3420,"A"
"USGS","02029000",2025-05-07,3780,"A"
"USGS","02029000",2025-05-08,3680,"A"
"USGS","02029000",2025-05-09,3610,"A"
"USGS","02029000",2025-05-10,3800,"A"
"USGS","02029000",2025-05-11,3400,"A"
"USGS","02029000",2025-05-12,3010,"A"
"USGS","02029000",2025-05-13,4090,"A"
"USGS","02029000",2025-05-14,45600,"A"
"USGS","02029000",2025-05-15,42800,"A"
"USGS","02029000",2025-05-16,26200,"A"
"USGS","02029000",2025-05-17,20200,"A"
"USGS","02029000",2025-05-18,16800,"A"
"USGS","02029000",2025-05-19,15000,"A"
"USGS","02029000",2025-05-20,11100,"A"
"USGS","02029000",2025-05-21,9140,"A"
"USGS","02029000",2025-05-22,8140,"A"
"USGS","02029000",2025-05-23,6860,"A"
"USGS","02029000",2025-05-24,6020,"A"
"USGS","02029000",2025-05-25,5360,"A"
"USGS","02029000",2025-05-26,4550,"A"
"USGS","02029000",2025-05-27,4110,"A"
"USGS","02029000",2025-05-28,6130,"A"
"USGS","02029000",2025-05-29,7330,"A"
"USGS","02029000",2025-05-30,10900,"A"
"USGS","02029000",2025-05-31,11000,"A"
"USGS","02029000",2025-06-01,9660,"A"
"USGS","02029000",2025-06-02,8420,"A"
"USGS","02029000",2025-06-03,7170,"A"
"USGS","02029000",2025-06-04,5890,"A"
"USGS","02029000",2025-06-05,5110,"A"
"USGS","02029000",2025-06-06,4420,"A"
"USGS","02029000",2025-06-07,4110,"A"
"USGS","02029000",2025-06-08,4190,"A"
"USGS","02029000",2025-06-09,4160,"A"
"USGS","02029000",2025-06-10,3660,"A"
"USGS","02029000",2025-06-11,3300,"A"
"USGS","02029000",2025-06-12,3060,"A"
"USGS","02029000",2025-06-13,2850,"A"
"USGS","02029000",2025-06-14,5110,"A"
"USGS","02029000",2025-06-15,5860,"A"
"USGS","02029000",2025-06-16,5520,"A"
"USGS","02029000",2025-06-17,7740,"A"
"USGS","02029000",2025-06-18,15400,"A"
"USGS","02029000",2025-06-19,11600,"A"
"USGS","02029000",2025-06-20,8710,"A"
"USGS","02029000",2025-06-21,8290,"A"
"USGS","02029000",2025-06-22,7160,"A"
"USGS","02029000",2025-06-23,5470,"A"
"USGS","02029000",2025-06-24,4230,"A"
"USGS","02029000",2025-06-25,3480,"A"
"USGS","02029000",2025-06-26,3210,"A"
"USGS","02029000",2025-06-27,2830,"A"
"USGS","02029000",2025-06-28,2750,"A"
"USGS","02029000",2025-06-29,3600,"A"
"USGS","02029000",2025-06-30,4520,"A"
"USGS","02029000",2025-07-01,5560,"A"
"USGS","02029000",2025-07-02,6140,"A"
"USGS","02029000",2025-07-03,6230,"A"
"USGS","02029000",2025-07-04,8290,"A"
"USGS","02029000",2025-07-05,5580,"A"
"USGS","02029000",2025-07-06,4160,"A"
"USGS","02029000",2025-07-07,3720,"A"
"USGS","02029000",2025-07-08,3760,"A"
"USGS","02029000",2025-07-09,3540,"A"
"USGS","02029000",2025-07-10,4490,"A"
"USGS","02029000",2025-07-11,3530,"A"
"USGS","02029000",2025-07-12,4630,"A e"
"USGS","02029000",2025-07-13,4760,"A"
"USGS","02029000",2025-07-14,4600,"A"
"USGS","02029000",2025-07-15,6830,"A"
"USGS","02029000",2025-07-16,7740,"A"
"USGS","02029000",2025-07-17,5330,"A"
"USGS","02029000",2025-07-18,4580,"A"
"USGS","02029000",2025-07-19,5750,"A"
"USGS","02029000",2025-07-20,4820,"A"
"USGS","02029000",2025-07-21,4890,"A"
"USGS","02029000",2025-07-22,4960,"A"
"USGS","02029000",2025-07-23,4340,"A"
"USGS","02029000",2025-07-24,3890,"A"
"USGS","02029000",2025-07-25,3340,"A"
"USGS","02029000",2025-07-26,2990,"A"
"USGS","02029000",2025-07-27,2380,"A"
"USGS","02029000",2025-07-28,2580,"A"
"USGS","02029000",2025-07-29,2470,"A"
"USGS","02029000",2025-07-30,2300,"A"
"USGS","02029000",2025-07-31,2010,"A"
"USGS","02029000",2025-08-01,3430,"A"
"USGS","02029000",2025-08-02,4510,"A"
"USGS","02029000",2025-08-03,4860,"A"
"USGS","02029000",2025-08-04,4300,"A"
"USGS","02029000",2025-08-05,3360,"A"
"USGS","02029000",2025-08-06,2970,"A"
"USGS","02029000",2025-08-07,2490,"A"
"USGS","02029000",2025-08-08,2260,"A"
"USGS","02029000",2025-08-09,2100,"A"
"USGS","02029000",2025-08-10,2100,"A"
"USGS","02029000",2025-08-11,2020,"A"
"USGS","02029000",2025-08-12,1930,"A"
"USGS","02029000",2025-08-13,1960,"A"
"USGS","02029000",2025-08-14,1930,"A"
"USGS","02029000",2025-08-15,1880,"A"
"USGS","02029000",2025-08-16,1900,"A"
"USGS","02029000",2025-08-17,1960,"A"
"USGS","02029000",2025-08-18,1830,"A"
"USGS","02029000",2025-08-19,1600,"A"
"USGS","02029000",2025-08-20,1590,"A"
"USGS","02029000",2025-08-21,1520,"A e"
"USGS","02029000",2025-08-22,1550,"A"
"USGS","02029000",2025-08-23,1500,"A"
"USGS","02029000",2025-08-24,1870,"A"
"USGS","02029000",2025-08-25,2670,"A"
"USGS","02029000",2025-08-26,2360,"A"
"USGS","02029000",2025-08-27,1940,"A"
"USGS","02029000",2025-08-28,1630,"A"
"USGS","02029000",2025-08-29,1510,"A"
"USGS","02029000",2025-08-30,1700,"A"
"USGS","02029000",2025-08-31,1480,"A"
"USGS","02029000",2025-09-01,1290,"A"
"USGS","02029000",2025-09-02,1280,"A"
"USGS","02029000",2025-09-03,1260,"A"
"USGS","02029000",2025-09-04,1150,"A"
"USGS","02029000",2025-09-05,1150,"A"
"USGS","02029000",2025-09-06,1610,"A"
"USGS","02029000",2025-09-07,1210,"A"
"USGS","02029000",2025-09-08,983,"A"
"USGS","02029000",2025-09-09,1290,"A"
"USGS","02029000",2025-09-10,1260,"A"
"USGS","02029000",2025-09-11,1110,"A"
"USGS","02029000",2025-09-12,1070,"A"
"USGS","02029000",2025-09-13,1110,"A"
"USGS","02029000",2025-09-14,916,"A"
"USGS","02029000",2025-09-15,818,"A"
"USGS","02029000",2025-09-16,1050,"A"
"USGS","02029000",2025-09-17,1080,"A"
"USGS","02029000",2025-09-18,1120,"A"
"USGS","02029000",2025-09-19,985,"A"
"USGS","02029000",2025-09-20,1080,"A"
"USGS","02029000",2025-09-21,1180,"A"
"USGS","02029000",2025-09-22,1170,"A"
"USGS","02029000",2025-09-23,972,"A"
"USGS","02029000",2025-09-24,1090,"A"
"USGS","02029000",2025-09-25,1320,"A"
"USGS","02029000",2025-09-26,944,"A"
"USGS","02029000",2025-09-27,1660,"A"
"USGS","02029000",2025-09-28,2270,"A"
"USGS","02029000",2025-09-29,2170,"A"
"USGS","02029000",2025-09-30,1640,"A"
"USGS","02029000",2025-10-01,1590,"A"
"USGS","02029000",2025-10-02,1330,"A"
"USGS","02029000",2025-10-03,1310,"A"
"USGS","02029000",2025-10-04,1060,"A"
"USGS","02029000",2025-10-05,1120,"A"
"USGS","02029000",2025-10-06,1090,"A"
"USGS","02029000",2025-10-07,1100,"A e"
"USGS","02029000",2025-10-08,1130,"A"
"USGS","02029000",2025-10-09,1210,"A"
"USGS","02029000",2025-10-10,1220,"A"
"USGS","02029000",2025-10-11,1540,"A"
"USGS","02029000",2025-10-12,1440,"A"
"USGS","02029000",2025-10-13,1340,"A"
"USGS","02029000",2025-10-14,919,"A"
"USGS","02029000",2025-10-15,1240,"A"
"USGS","02029000",2025-10-16,1040,"A"
"USGS","02029000",2025-10-17,1090,"A"
"USGS","02029000",2025-10-18,1010,"A"
"USGS","02029000",2025-10-19,1040,"A e"
"USGS","02029000",2025-10-20,1080,"A"
"USGS","02029000",2025-10-21,1070,"A e"
"USGS","02029000",2025-10-22,1070,"A e"
"USGS","02029000",2025-10-23,1030,"A"
"USGS","02029000",2025-10-24,1060,"A"
"USGS","02029000",2025-10-25,1000,"A"
"USGS","02029000",2025-10-26,978,"A"
"USGS","02029000",2025-10-27,1000,"A e"
"USGS","02029000",2025-10-28,980,"A"
"USGS","02029000",2025-10-29,1030,"A"
"USGS","02029000",2025-10-30,1190,"A"
"USGS","02029000",2025-10-31,1800,"A e"
"USGS","02029000",2025-11-01,1880,"A"
"USGS","02029000",2025-11-02,1540,"A"
"USGS","02029000",2025-11-03,1610,"A"
"USGS","02029000",2025-11-04,1480,"A"
"USGS","02029000",2025-11-05,1350,"A e"
"USGS","02029000",2025-11-06,1150,"A"
"USGS","02029000",2025-11-07,1220,"A e"
"USGS","02029000",2025-11-08,1120,"A"
"USGS","02029000",2025-11-09,1130,"A"
"USGS","02029000",2025-11-10,1100,"A"
"USGS","02029000",2025-11-11,1140,"A"
"USGS","02029000",2025-11-12,1110,"A e"
"USGS","02029000",2025-11-13,1070,"A"
"USGS","02029000",2025-11-14,960,"A"
"USGS","02029000",2025-11-15,1190,"A"
"USGS","02029000",2025-11-16,988,"A e"
"USGS","02029000",2025-11-17,1050,"A"
"USGS","02029000",2025-11-18,1040,"A"
"USGS","02029000",2025-11-19,1050,"A"
"USGS","02029000",2025-11-20,1080,"A"
"USGS","02029000",2025-11-21,1010,"A"
"USGS","02029000",2025-11-22,1120,"A"
"USGS","02029000",2025-11-23,1200,"A"
"USGS","02029000",2025-11-24,1210,"A"
"USGS","02029000",2025-11-25,1200,"A"
"USGS","02029000",2025-11-26,1250,"A e"
"USGS","02029000",2025-11-27,1230,"A"
"USGS","02029000",2025-11-28,1200,"A"
"USGS","02029000",2025-11-29,1150,"A"
"USGS","02029000",2025-11-30,1110,"A"
"USGS","02029000",2025-12-01,1020,"A"
"USGS","02029000",2025-12-02,1230,"A"
"USGS","02029000",2025-12-03,1390,"A"
"USGS","02029000",2025-12-04,1510,"A"
"USGS","02029000",2025-12-05,1450,"A"
"USGS","02029000",2025-12-06,1500,"A"
"USGS","02029000",2025-12-07,1560,"A"
"USGS","02029000",2025-12-08,1510,"A"
"USGS","02029000",2025-12-09,1510,"A"
"USGS","02029000",2025-12-10,1500,"A"
"USGS","02029000",2025-12-11,1500,"A"
"USGS","02029000",2025-12-12,1460,"A"
"USGS","02029000",2025-12-13,1490,"A"
"USGS","02029000",2025-12-14,1320,"A"
"USGS","02029000",2025-12-15,1450,"A"
"USGS","02029000",2025-12-16,1510,"A"
"USGS","02029000",2025-12-17,1320,"A"
"USGS","02029000",2025-12-18,1370,"A"
"USGS","02029000",2025-12-19,1590,"A"
"USGS","02029000",2025-12-20,3440,"A"
"USGS","02029000",2025-12-21,3220,"A"
"USGS","02029000",2025-12-22,3510,"A"
"USGS","02029000",2025-12-23,3520,"A"
"USGS","02029000",2025-12-24,2970,"A"
"USGS","02029000",2025-12-25,2500,"A"
"USGS","02029000",2025-12-26,2370,"A"
"USGS","02029000",2025-12-27,2460,"A e"
"USGS","02029000",2025-12-28,2480,"A"
"USGS","02029000",2025-12-29,2370,"A"
"USGS","02029000",2025-12-30,2230,"A"
"USGS","02029000",2025-12-31,1930,"A e"
"USGS","02029000",2026-01-01,1710,"A"
"USGS","02029000",2026-01-02,1880,"A"
"USGS","02029000",2026-01-03,1580,"A"
"USGS","02029000",2026-01-04,1520,"A"
"USGS","02029000",2026-01-05,1500,"A"
"USGS","02029000",2026-01-06,1500,"A"
"USGS","02029000",2026-01-07,1500,"A"
"USGS","02029000",2026-01-08,1470,"A"
"USGS","02029000",2026-01-09,1350,"A"
"USGS","02029000",2026-01-10,1450,"A"
"USGS","02029000",2026-01-11,2770,"A e"
"USGS","02029000",2026-01-12,3370,"A"
"USGS","02029000",2026-01-13,4180,"A"
"USGS","02029000",2026-01-14,4260,"A"
"USGS","02029000",2026-01-15,3600,"A e"
"USGS","02029000",2026-01-16,3010,"A"
"USGS","02029000",2026-01-17,2530,"A"
"USGS","02029000",2026-01-18,2410,"A"
"USGS","02029000",2026-01-19,2280,"A"
"USGS","02029000",2026-01-20,1830,"A"
"USGS","02029000",2026-01-21,1780,"A e"
"USGS","02029000",2026-01-22,1820,"A e"
"USGS","02029000",2026-01-23,1640,"A"
"USGS","02029000",2026-01-24,1510,"A"
"USGS","02029000",2026-01-25,1280,"A e"
"USGS","02029000",2026-01-26,2260,"A e"
"USGS","02029000",2026-01-27,2190,"A e"
"USGS","02029000",2026-01-28,2190,"A e"
"USGS","02029000",2026-01-29,1910,"A e"
"USGS","02029000",2026-01-30,1740,"A e"
"USGS","02029000",2026-01-31,1590,"A e"
"USGS","02029000",2026-02-01,1570,"A e"
"USGS","02029000",2026-02-02,1560,"A e"
"USGS","02029000",2026-02-03,1510,"A e"
"USGS","02029000",2026-02-04,1400,"A e"
"USGS","02029000",2026-02-05,1300,"A e"
"USGS","02029000",2026-02-06,1460,"A e"
"USGS","02029000",2026-02-07,1580,"A e"
"USGS","02029000",2026-02-08,1460,"A e"
"USGS","02029000",2026-02-09,1400,"A e"
"USGS","02029000",2026-02-10,1490,"A e"
"USGS","02029000",2026-02-11,1490,"A e"
"USGS","02029000",2026-02-12,1510,"A"
"USGS","02029000",2026-02-13,2250,"A"
"USGS","02029000",2026-02-14,4200,"A"
"USGS","02029000",2026-02-15,4270,"A"
"USGS","02029000",2026-02-16,6570,"A"
"USGS","02029000",2026-02-17,8630,"A"
"USGS","02029000",2026-02-18,10400,"A"
"USGS","02029000",2026-02-19,8710,"A"
"USGS","02029000",2026-02-20,10100,"A"
"USGS","02029000",2026-02-21,14900,"A"
"USGS","02029000",2026-02-22,17200,"A"
"USGS","02029000",2026-02-23,13100,"A"
"USGS","02029000",2026-02-24,9090,"A"
"USGS","02029000",2026-02-25,7130,"A"
"USGS","02029000",2026-02-26,5990,"A"
"USGS","02029000",2026-02-27,5240,"A"
"USGS","02029000",2026-02-28,4660,"A"
"USGS","02029000",2026-03-01,4330,"A"
"USGS","02029000",2026-03-02,3720,"A"
"USGS","02029000",2026-03-03,3610,"A"
"USGS","02029000",2026-03-04,3360,"A"
"USGS","02029000",2026-03-05,3440,"A"
"USGS","02029000",2026-03-06,3020,"A"
"USGS","02029000",2026-03-07,3010,"A"
"USGS","02029000",2026-03-08,3170,"A"
"USGS","02029000",2026-03-09,3040,"A"
"USGS","02029000",2026-03-10,3080,"A"
"USGS","02029000",2026-03-11,3040,"A"
"USGS","02029000",2026-03-12,2970,"A"
"USGS","02029000",2026-03-13,3390,"A e"
"USGS","02029000",2026-03-14,3310,"A"
"USGS","02029000",2026-03-15,3550,"A"
"USGS","02029000",2026-03-16,3850,"A"
"USGS","02029000",2026-03-17,5540,"A"
"USGS","02029000",2026-03-18,7910,"A"
"USGS","02029000",2026-03-19,7710,"A"
"USGS","02029000",2026-03-20,6620,"A"
"USGS","02029000",2026-03-21,5830,"A"
"USGS","02029000",2026-03-22,5240,"A"
"USGS","02029000",2026-03-23,4770,"A"
"USGS","02029000",2026-03-24,4380,"A"
"USGS","02029000",2026-03-25,3960,"A"
"USGS","02029000",2026-03-26,4070,"A"
"USGS","02029000",2026-03-27,3890,"A e"
"USGS","02029000",2026-03-28,3930,"A"
"USGS","02029000",2026-03-29,3790,"A"
"USGS","02029000",2026-03-30,3330,"A"
"USGS","02029000",2026-03-31,3130,"A"
"USGS","02029000",2026-04-01,2960,"A"
"USGS","02029000",2026-04-02,3040,"A"
"USGS","02029000",2026-04-03,3140,"A e"
"USGS","02029000",2026-04-04,3170,"A e"
"USGS","02029000",2026-04-05,3100,"A e"
"USGS","02029000",2026-04-06,3180,"A"
"USGS","02029000",2026-04-07,2870,"A"
"USGS","02029000",2026-04-08,2820,"A"
"USGS","02029000",2026-04-09,2610,"A"
"USGS","02029000",2026-04-10,2610,"A"
"USGS","02029000",2026-04-11,2500,"A"
"USGS","02029000",2026-04-12,2410,"A"
"USGS","02029000",2026-04-13,2350,"A"
"USGS","02029000",2026-04-14,2270,"A"
"USGS","02029000",2026-04-15,2050,"A"
"USGS","02029000",2026-04-16,2050,"A"
"USGS","02029000",2026-04-17,1890,"A"
"USGS","02029000",2026-04-18,2000,"A"
"USGS","02029000",2026-04-19,1600,"A"
"USGS","02029000",2026-04-20,1650,"A"
"USGS","02029000",2026-04-21,1630,"A"
"USGS","02029000",2026-04-22,1630,"A"
"USGS","02029000",2026-04-23,1580,"A"
"USGS","02029000",2026-04-24,1490,"A"
"USGS","02029000",2026-04-25,1560,"A"
"USGS","02029000",2026-04-26,1550,"A"
"USGS","02029000",2026-04-27,1660,"A"
"USGS","02029000",2026-04-28,1540,"A"
"USGS","02029000",2026-04-29,1420,"A"
"USGS","02029000",2026-04-30,1570,"A"
"USGS","02029000",2026-05-01,1670,"A"
"USGS","02029000",2026-05-02,1680,"A"
"USGS","02029000",2026-05-03,1780,"A"
"USGS","02029000",2026-05-04,1690,"A"
"USGS","02029000",2026-05-05,1550,"A e"
"USGS","02029000",2026-05-06,1470,"A e"
"USGS","02029000",2026-05-07,1440,"A e"
"USGS","02029000",2026-05-08,1410,"A e"
"USGS","02029000",2026-05-09,1530,"A"
"USGS","02029000",2026-05-10,1370,"A"
"USGS","02029000",2026-05-11,1400,"A"
"USGS","02029000",2026-05-12,1510,"A"
"USGS","02029000",2026-05-13,1540,"A e"
"USGS","02029000",2026-05-14,1770,"A"
"USGS","02029000",2026-05-15,1760,"A"
"USGS","02029000",2026-05-16,1670,"A"
"USGS","02029000",2026-05-17,1350,"A"
"USGS","02029000",2026-05-18,1480,"A"
"USGS","02029000",2026-05-19,1300,"A"
"USGS","02029000",2026-05-20,1250,"A"
"USGS","02029000",2026-05-21,1220,"A"
"USGS","02029000",2026-05-22,1190,"A"
"USGS","02029000",2026-05-23,1870,"A"
"USGS","02029000",2026-05-24,1860,"A"
"USGS","02029000",2026-05-25,2700,"A"
"USGS","02029000",2026-05-26,4150,"A"
"USGS","02029000",2026-05-27,4080,"A"
"USGS","02029000",2026-05-28,6060,"A"
"USGS","02029000",2026-05-29,5850,"A"
"USGS","02029000",2026-05-30,5850,"A"
"USGS","02029000",2026-05-31,5350,"A"
"USGS","02029000",2026-06-01,4400,"A"
"USGS","02029000",2026-06-02,3660,"A e"
"USGS","02029000",2026-06-03,2590,"A"
"USGS","02029000",2026-06-04,2120,"A"
"USGS","02029000",2026-06-05,1780,"A"
"USGS","02029000",2026-06-06,1560,"A e"
"USGS","02029000",2026-06-07,1470,"A"
"USGS","02029000",2026-06-08,1230,"A"
"USGS","02029000",2026-06-09,1210,"A"
"USGS","02029000",2026-06-10,1270,"A e"
"USGS","02029000",2026-06-11,1040,"A"
"USGS","02029000",2026-06-12,1140,"A"
"USGS","02029000",2026-06-13,1170,"A"
"USGS","02029000",2026-06-14,1410,"A"
"USGS","02029000",2026-06-15,983,"A"
"USGS","02029000",2026-06-16,947,"A"
"USGS","02029000",2026-06-17,912,"A"
"USGS","02029000",2026-06-18,951,"A"
"USGS","02029000",2026-06-19,841,"A"
"USGS","02029000",2026-06-20,949,"A e"
"USGS","02029000",2026-06-21,996,"A"
"USGS","02029000",2026-06-22,827,"A"
"USGS","02029000",2026-06-23,777,"A"
"USGS","02029000",2026-06-24,1010,"A"
"USGS","02029000",2026-06-25,1080,"A"
"USGS","02029000",2026-06-26,1130,"A"
"USGS","02029000",2026-06-27,768,"A"
"USGS","02029000",2026-06-28,826,"A"
"USGS","02029000",2026-06-29,1100,"P"
"USGS","02029000",2026-06-30,993,"P"
"USGS","02029000",2026-07-01,1020,"P"
"USGS","02029000",2026-07-02,978,"P"
"USGS","02029000",2026-07-03,844,"P"
"USGS","02029000",2026-07-04,899,"P"
"USGS","02029000",2026-07-05,912,"P"
"USGS","02029000",2026-07-06,954,"P"
"USGS","02029000",2026-07-07,832,"P"
"USGS","02029000",2026-07-08,908,"P"
"USGS","02029000",2026-07-09,1490,"P"
"USGS","02029000",2026-07-10,1390,"P"
"USGS","02029000",2026-07-11,1320,"P"
"USGS","02029000",2026-07-12,1330,"P"
"USGS","02029000",2026-07-13,1030,"P"
"USGS","02029000",2026-07-14,1560,"P"
"USGS","02029000",2026-07-15,1290,"P"
"USGS","02029000",2026-07-16,1860,"P"
"USGS","02029000",2026-07-17,1570,"P"
"USGS","02029000",2026-07-18,1640,"P"
"USGS","02029000",2026-07-20,1100,"P"
"USGS","02029000",2026-07-23,1910,"P"
"USGS","02029000",2026-07-24,1640,"P"
"USGS","02029000",2026-07-25,1680,"P"
"USGS","02029000",2026-07-26,1600,"P"
"USGS","02029000",2026-07-27,1520,"P"
"USGS","02029000",2026-07-28,1340,"P"
"USGS","02029000",2026-07-29,1220,"P"
"USGS","02029000",2026-07-30,1110,"P"
"USGS","02029000",2026-07-31,1050,"P"
"USGS","02029000",2026-08-01,1040,"P"
"USGS","02037500",2025-01-01,7700,"A"
"USGS","02037500",2025-01-02,8850,"A"
"USGS","02037500",2025-01-03,7660,"A"
"USGS","02037500",2025-01-04,6450,"A"
"USGS","02037500",2025-01-05,5550,"A"
"USGS","02037500",2025-01-06,5190,"A e"
"USGS","02037500",2025-01-07,6830,"A"
"USGS","02037500",2025-01-08,7730,"A"
"USGS","02037500",2025-01-09,6050,"A"
"USGS","02037500",2025-01-10,5080,"A"
"USGS","02037500",2025-01-11,4430,"A"
"USGS","02037500",2025-01-12,4100,"A"
"USGS","02037500",2025-01-13,3860,"A"
"USGS","02037500",2025-01-14,3690,"A"
"USGS","02037500",2025-01-15,3620,"A"
"USGS","02037500",2025-01-16,3500,"A"
"USGS","02037500",2025-01-17,3260,"A"
"USGS","02037500",2025-01-18,3170,"A"
"USGS","02037500",2025-01-19,3230,"A"
"USGS","02037500",2025-01-20,3410,"A"
"USGS","02037500",2025-01-21,3770,"A"
"USGS","02037500",2025-01-22,3820,"A"
"USGS","02037500",2025-01-23,3640,"A"
"USGS","02037500",2025-01-24,3880,"A e"
"USGS","02037500",2025-01-25,3600,"A e"
"USGS","02037500",2025-01-26,3730,"A e"
"USGS","02037500",2025-01-27,3780,"A"
"USGS","02037500",2025-01-28,3570,"A"
"USGS","02037500",2025-01-29,3370,"A"
"USGS","02037500",2025-01-30,3280,"A"
"USGS","02037500",2025-01-31,3480,"A"
"USGS","02037500",2025-02-01,5750,"A"
"USGS","02037500",2025-02-02,18000,"A"
"USGS","02037500",2025-02-03,28900,"A"
"USGS","02037500",2025-02-04,18500,"A"
"USGS","02037500",2025-02-05,13100,"A"
"USGS","02037500",2025-02-06,11300,"A"
"USGS","02037500",2025-02-07,19300,"A"
"USGS","02037500",2025-02-08,26200,"A"
"USGS","02037500",2025-02-09,27000,"A"
"USGS","02037500",2025-02-10,23100,"A"
"USGS","02037500",2025-02-11,21700,"A"
"USGS","02037500",2025-02-12,20000,"A"
"USGS","02037500",2025-02-13,23300,"A"
"USGS","02037500",2025-02-14,33100,"A"
"USGS","02037500",2025-02-15,34500,"A"
"USGS","02037500",2025-02-16,53600,"A"
"USGS","02037500",2025-02-17,79300,"A"
"USGS","02037500",2025-02-18,90100,"A"
"USGS","02037500",2025-02-19,58600,"A"
"USGS","02037500",2025-02-20,30700,"A"
"USGS","02037500",2025-02-21,24300,"A"
"USGS","02037500",2025-02-22,19400,"A"
"USGS","02037500",2025-02-23,15500,"A"
"USGS","02037500",2025-02-24,12700,"A"
"USGS","02037500",2025-02-25,11000,"A"
"USGS","02037500",2025-02-26,9840,"A"
"USGS","02037500",2025-02-27,9000,"A"
"USGS","02037500",2025-02-28,8330,"A"
"USGS","02037500",2025-03-01,7780,"A"
"USGS","02037500",2025-03-02,7320,"A"
"USGS","02037500",2025-03-03,6770,"A"
"USGS","02037500",2025-03-04,6360,"A"
"USGS","02037500",2025-03-05,6480,"A"
"USGS","02037500",2025-03-06,7330,"A"
"USGS","02037500",2025-03-07,8760,"A"
"USGS","02037500",2025-03-08,11900,"A"
"USGS","02037500",2025-03-09,11100,"A"
"USGS","02037500",2025-03-10,9740,"A"
"USGS","02037500",2025-03-11,8720,"A"
"USGS","02037500",2025-03-12,7860,"A"
"USGS","02037500",2025-03-13,7140,"A"
"USGS","02037500",2025-03-14,6620,"A"
"USGS","02037500",2025-03-15,6200,"A"
"USGS","02037500",2025-03-16,5800,"A"
"USGS","02037500",2025-03-17,5640,"A"
"USGS","02037500",2025-03-18,5500,"A"
"USGS","02037500",2025-03-19,5340,"A"
"USGS","02037500",2025-03-20,5670,"A"
"USGS","02037500",2025-03-21,6910,"A"
"USGS","02037500",2025-03-22,6870,"A"
"USGS","02037500",2025-03-23,6250,"A"
"USGS","02037500",2025-03-24,5910,"A"
"USGS","02037500",2025-03-25,5700,"A"
"USGS","02037500",2025-03-26,5200,"A"
"USGS","02037500",2025-03-27,4790,"A"
"USGS","02037500",2025-03-28,4520,"A"
"USGS","02037500",2025-03-29,4300,"A"
"USGS","02037500",2025-03-30,4240,"A"
"USGS","02037500",2025-03-31,4090,"A"
"USGS","02037500",2025-04-01,4140,"A"
"USGS","02037500",2025-04-02,4230,"A"
"USGS","02037500",2025-04-03,4240,"A"
"USGS","02037500",2025-04-04,3920,"A"
"USGS","02037500",2025-04-05,3880,"A"
"USGS","02037500",2025-04-06,3840,"A"
"USGS","02037500",2025-04-07,4130,"A"
"USGS","02037500",2025-04-08,7180,"A"
"USGS","02037500",2025-04-09,9340,"A"
"USGS","02037500",2025-04-10,8310,"A"
"USGS","02037500",2025-04-11,7390,"A"
"USGS","02037500",2025-04-12,7500,"A"
"USGS","02037500",2025-04-13,7210,"A"
"USGS","02037500",2025-04-14,6460,"A"
"USGS","02037500",2025-04-15,6170,"A"
"USGS","02037500",2025-04-16,6700,"A"
"USGS","02037500",2025-04-17,6310,"A"
"USGS","02037500",2025-04-18,7230,"A"
"USGS","02037500",2025-04-19,6520,"A"
"USGS","02037500",2025-04-20,6070,"A"
"USGS","02037500",2025-04-21,5630,"A"
"USGS","02037500",2025-04-22,5230,"A"
"USGS","02037500",2025-04-23,4790,"A"
"USGS","02037500",2025-04-24,4450,"A"
"USGS","02037500",2025-04-25,4100,"A"
"USGS","02037500",2025-04-26,3980,"A"
"USGS","02037500",2025-04-27,3900,"A"
"USGS","02037500",2025-04-28,3760,"A"
"USGS","02037500",2025-04-29,3650,"A"
"USGS","02037500",2025-04-30,3510,"A"
"USGS","02037500",2025-05-01,3590,"A"
"USGS","02037500",2025-05-02,3640,"A"
"USGS","02037500",2025-05-03,3400,"A"
"USGS","02037500",2025-05-04,3380,"A"
"USGS","02037500",2025-05-05,3560,"A"
"USGS","02037500",2025-05-06,4370,"A"
"USGS","02037500",2025-05-07,4050,"A"
"USGS","02037500",2025-05-08,4280,"A"
"USGS","02037500",2025-05-09,4870,"A"
"USGS","02037500",2025-05-10,5200,"A"
"USGS","02037500",2025-05-11,5150,"A"
"USGS","02037500",2025-05-12,4330,"A"
"USGS","02037500",2025-05-13,4870,"A"
"USGS","02037500",2025-05-14,25200,"A"
"USGS","02037500",2025-05-15,63700,"A"
"USGS","02037500",2025-05-16,50000,"A"
"USGS","02037500",2025-05-17,28300,"A"
"USGS","02037500",2025-05-18,21400,"A"
"USGS","02037500",2025-05-19,17900,"A"
"USGS","02037500",2025-05-20,15000,"A"
"USGS","02037500",2025-05-21,11600,"A"
"USGS","02037500",2025-05-22,10300,"A"
"USGS","02037500",2025-05-23,9220,"A"
"USGS","02037500",2025-05-24,7580,"A"
"USGS","02037500",2025-05-25,6510,"A"
"USGS","02037500",2025-05-26,5830,"A"
"USGS","02037500",2025-05-27,5100,"A"
"USGS","02037500",2025-05-28,6180,"A"
"USGS","02037500",2025-05-29,12600,"A"
"USGS","02037500",2025-05-30,11800,"A"
"USGS","02037500",2025-05-31,15300,"A"
"USGS","02037500",2025-06-01,13200,"A"
"USGS","02037500",2025-06-02,10500,"A"
"USGS","02037500",2025-06-03,8990,"A"
"USGS","02037500",2025-06-04,7640,"A"
"USGS","02037500",2025-06-05,6360,"A"
"USGS","02037500",2025-06-06,5560,"A"
"USGS","02037500",2025-06-07,5120,"A"
"USGS","02037500",2025-06-08,5180,"A"
"USGS","02037500",2025-06-09,6060,"A"
"USGS","02037500",2025-06-10,6770,"A"
"USGS","02037500",2025-06-11,5560,"A"
"USGS","02037500",2025-06-12,4820,"A"
"USGS","02037500",2025-06-13,4160,"A"
"USGS","02037500",2025-06-14,3890,"A"
"USGS","02037500",2025-06-15,6560,"A"
"USGS","02037500",2025-06-16,8510,"A"
"USGS","02037500",2025-06-17,10300,"A"
"USGS","02037500",2025-06-18,11400,"A"
"USGS","02037500",2025-06-19,16100,"A"
"USGS","02037500",2025-06-20,11800,"A"
"USGS","02037500",2025-06-21,9350,"A"
"USGS","02037500",2025-06-22,8680,"A"
"USGS","02037500",2025-06-23,7480,"A"
"USGS","02037500",2025-06-24,5880,"A"
"USGS","02037500",2025-06-25,4710,"A"
"USGS","02037500",2025-06-26,4050,"A"
"USGS","02037500",2025-06-27,3790,"A"
"USGS","02037500",2025-06-28,3510,"A"
"USGS","02037500",2025-06-29,3290,"A"
"USGS","02037500",2025-06-30,4510,"A"
"USGS","02037500",2025-07-01,4960,"A"
"USGS","02037500",2025-07-02,7910,"A"
"USGS","02037500",2025-07-03,10700,"A"
"USGS","02037500",2025-07-04,8370,"A"
"USGS","02037500",2025-07-05,8690,"A"
"USGS","02037500",2025-07-06,6310,"A"
"USGS","02037500",2025-07-07,5200,"A"
"USGS","02037500",2025-07-08,4560,"A"
"USGS","02037500",2025-07-09,10500,"A"
"USGS","02037500",2025-07-10,10500,"A"
"USGS","02037500",2025-07-11,8580,"A"
"USGS","02037500",2025-07-12,6310,"A"
"USGS","02037500",2025-07-13,6620,"A"
"USGS","02037500",2025-07-14,6370,"A"
"USGS","02037500",2025-07-15,6040,"A"
"USGS","02037500",2025-07-16,8850,"A"
"USGS","02037500",2025-07-17,10800,"A"
"USGS","02037500",2025-07-18,7030,"A"
"USGS","02037500",2025-07-19,5740,"A"
"USGS","02037500",2025-07-20,8400,"A"
"USGS","02037500",2025-07-21,9680,"A"
"USGS","02037500",2025-07-22,7670,"A"
"USGS","02037500",2025-07-23,6950,"A"
"USGS","02037500",2025-07-24,5520,"A"
"USGS","02037500",2025-07-25,4610,"A"
"USGS","02037500",2025-07-26,4040,"A"
"USGS","02037500",2025-07-27,3740,"A"
"USGS","02037500",2025-07-28,3780,"A"
"USGS","02037500",2025-07-29,3640,"A"
"USGS","02037500",2025-07-30,3360,"A"
"USGS","02037500",2025-07-31,3130,"A"
"USGS","02037500",2025-08-01,2870,"A"
"USGS","02037500",2025-08-02,3630,"A"
"USGS","02037500",2025-08-03,4790,"A"
"USGS","02037500",2025-08-04,5000,"A"
"USGS","02037500",2025-08-05,4580,"A"
"USGS","02037500",2025-08-06,3820,"A"
"USGS","02037500",2025-08-07,3400,"A"
"USGS","02037500",2025-08-08,3020,"A"
"USGS","02037500",2025-08-09,2740,"A"
"USGS","02037500",2025-08-10,2560,"A"
"USGS","02037500",2025-08-11,2420,"A"
"USGS","02037500",2025-08-12,2350,"A"
"USGS","02037500",2025-08-13,2260,"A"
"USGS","02037500",2025-08-14,2330,"A"
"USGS","02037500",2025-08-15,2590,"A"
"USGS","02037500",2025-08-16,2340,"A"
"USGS","02037500",2025-08-17,2160,"A"
"USGS","02037500",2025-08-18,2120,"A"
"USGS","02037500",2025-08-19,2140,"A"
"USGS","02037500",2025-08-20,2060,"A"
"USGS","02037500",2025-08-21,1900,"A"
"USGS","02037500",2025-08-22,1810,"A"
"USGS","02037500",2025-08-23,1750,"A"
"USGS","02037500",2025-08-24,1730,"A"
"USGS","02037500",2025-08-25,1700,"A"
"USGS","02037500",2025-08-26,2160,"A"
"USGS","02037500",2025-08-27,2810,"A"
"USGS","02037500",2025-08-28,2330,"A"
"USGS","02037500",2025-08-29,1950,"A"
"USGS","02037500",2025-08-30,1710,"A"
"USGS","02037500",2025-08-31,1610,"A"
"USGS","02037500",2025-09-01,1610,"A"
"USGS","02037500",2025-09-02,1550,"A"
"USGS","02037500",2025-09-03,1430,"A"
"USGS","02037500",2025-09-04,1350,"A"
"USGS","02037500",2025-09-05,1310,"A"
"USGS","02037500",2025-09-06,1260,"A"
"USGS","02037500",2025-09-07,1250,"A"
"USGS","02037500",2025-09-08,1380,"A"
"USGS","02037500",2025-09-09,1320,"A"
"USGS","02037500",2025-09-10,1220,"A"
"USGS","02037500",2025-09-11,1180,"A"
"USGS","02037500",2025-09-12,1150,"A"
"USGS","02037500",2025-09-13,1100,"A"
"USGS","02037500",2025-09-14,1050,"A"
"USGS","02037500",2025-09-15,1030,"A"
"USGS","02037500",2025-09-16,990,"A"
"USGS","02037500",2025-09-17,1050,"A"
"USGS","02037500",2025-09-18,1310,"A"
"USGS","02037500",2025-09-19,1290,"A"
"USGS","02037500",2025-09-20,1250,"A"
"USGS","02037500",2025-09-21,1200,"A"
"USGS","02037500",2025-09-22,1150,"A"
"USGS","02037500",2025-09-23,1150,"A"
"USGS","02037500",2025-09-24,1180,"A"
"USGS","02037500",2025-09-25,1140,"A"
"USGS","02037500",2025-09-26,1120,"A"
"USGS","02037500",2025-09-27,1240,"A"
"USGS","02037500",2025-09-28,1270,"A"
"USGS","02037500",2025-09-29,1700,"A"
"USGS","02037500",2025-09-30,2400,"A"
"USGS","02037500",2025-10-01,1920,"A"
"USGS","02037500",2025-10-02,1650,"A"
"USGS","02037500",2025-10-03,1550,"A"
"USGS","02037500",2025-10-04,1440,"A"
"USGS","02037500",2025-10-05,1340,"A"
"USGS","02037500",2025-10-06,1230,"A"
"USGS","02037500",2025-10-07,1180,"A"
"USGS","02037500",2025-10-08,1130,"A"
"USGS","02037500",2025-10-09,1090,"A"
"USGS","02037500",2025-10-10,1080,"A"
"USGS","02037500",2025-10-11,1130,"A"
"USGS","02037500",2025-10-12,1180,"A"
"USGS","02037500",2025-10-13,1290,"A"
"USGS","02037500",2025-10-14,1340,"A"
"USGS","02037500",2025-10-15,1300,"A"
"USGS","02037500",2025-10-16,1150,"P"
"USGS","02037500",2025-10-17,1090,"P"
"USGS","02037500",2025-10-18,1070,"P"
"USGS","02037500",2025-10-19,1060,"P"
"USGS","02037500",2025-10-20,1020,"P"
"USGS","02037500",2025-10-21,1020,"P"
"USGS","02037500",2025-10-22,1030,"P"
"USGS","02037500",2025-10-23,1040,"P"
"USGS","02037500",2025-10-24,1040,"P"
"USGS","02037500",2025-10-25,1030,"P"
"USGS","02037500",2025-10-26,1040,"P"
"USGS","02037500",2025-10-27,1030,"P"
"USGS","02037500",2025-10-28,1020,"P"
"USGS","02037500",2025-10-29,1020,"P"
"USGS","02037500",2025-10-30,1060,"P"
"USGS","02037500",2025-10-31,1100,"P"
"USGS","02037500",2025-11-01,1410,"P"
"USGS","02037500",2025-11-02,2070,"P"
"USGS","02037500",2025-11-03,1870,"P"
"USGS","02037500",2025-11-04,1680,"P"
"USGS","02037500",2025-11-05,1620,"P"
"USGS","02037500",2025-11-06,1540,"P"
"USGS","02037500",2025-11-07,1460,"P"
"USGS","02037500",2025-11-08,1360,"P"
"USGS","02037500",2025-11-09,1310,"P"
"USGS","02037500",2025-11-10,1310,"P"
"USGS","02037500",2025-11-11,1290,"P"
"USGS","02037500",2025-11-12,1260,"P"
"USGS","02037500",2025-11-13,1250,"P"
"USGS","02037500",2025-11-14,1240,"P"
"USGS","02037500",2025-11-15,1230,"P"
"USGS","02037500",2025-11-16,1200,"P"
"USGS","02037500",2025-11-17,1230,"P"
"USGS","02037500",2025-11-18,1210,"P"
"USGS","02037500",2025-11-19,1190,"P"
"USGS","02037500",2025-11-20,1210,"P"
"USGS","02037500",2025-11-21,1220,"P"
"USGS","02037500",2025-11-22,1280,"P"
"USGS","02037500",2025-11-23,1330,"P"
"USGS","02037500",2025-11-24,1360,"P"
"USGS","02037500",2025-11-25,1410,"P"
"USGS","02037500",2025-11-26,1470,"P"
"USGS","02037500",2025-11-27,1500,"P"
"USGS","02037500",2025-11-28,1470,"P"
"USGS","02037500",2025-11-29,1440,"P"
"USGS","02037500",2025-11-30,1430,"P"
"USGS","02037500",2025-12-01,1390,"P"
"USGS","02037500",2025-12-02,1400,"P"
"USGS","02037500",2025-12-03,1550,"P"
"USGS","02037500",2025-12-04,1690,"P"
"USGS","02037500",2025-12-05,1900,"P"
"USGS","02037500",2025-12-06,1870,"P"
"USGS","02037500",2025-12-07,1760,"P"
"USGS","02037500",2025-12-08,1770,"P"
"USGS","02037500",2025-12-09,1840,"P"
"USGS","02037500",2025-12-10,1820,"P"
"USGS","02037500",2025-12-11,1750,"P"
"USGS","02037500",2025-12-12,1730,"P"
"USGS","02037500",2025-12-13,1720,"P"
"USGS","02037500",2025-12-14,1710,"P"
"USGS","02037500",2025-12-15,1670,"P"
"USGS","02037500",2025-12-16,1600,"P"
"USGS","02037500",2025-12-17,1590,"P"
"USGS","02037500",2025-12-18,1570,"P"
"USGS","02037500",2025-12-19,1600,"P"
"USGS","02037500",2025-12-20,1690,"P"
"USGS","02037500",2025-12-21,3020,"P"
"USGS","02037500",2025-12-22,3400,"P"
"USGS","02037500",2025-12-23,3320,"P"
"USGS","02037500",2025-12-24,3450,"P"
"USGS","02037500",2025-12-25,3050,"P"
"USGS","02037500",2025-12-26,2510,"P"
"USGS","02037500",2025-12-27,2490,"P"
"USGS","02037500",2025-12-28,2430,"P"
"USGS","02037500",2025-12-29,2410,"P"
"USGS","02037500",2025-12-30,2420,"P"
"USGS","02037500",2025-12-31,2250,"P"
"USGS","02037500",2026-01-01,2160,"P"
"USGS","02037500",2026-01-02,1920,"P"
"USGS","02037500",2026-01-03,1850,"P"
"USGS","02037500",2026-01-04,1850,"P"
"USGS","02037500",2026-01-05,1700,"P"
"USGS","02037500",2026-01-06,1650,"P"
"USGS","02037500",2026-01-07,1650,"P"
"USGS","02037500",2026-01-08,1630,"P"
"USGS","02037500",2026-01-09,1630,"P"
"USGS","02037500",2026-01-10,1710,"P"
"USGS","02037500",2026-01-11,2470,"P"
"USGS","02037500",2026-01-12,3720,"P"
"USGS","02037500",2026-01-13,4180,"P"
"USGS","02037500",2026-01-14,4240,"P"
"USGS","02037500",2026-01-15,4340,"P"
"USGS","02037500",2026-01-16,3650,"P"
"USGS","02037500",2026-01-17,3220,"P"
"USGS","02037500",2026-01-18,2770,"P"
"USGS","02037500",2026-01-19,2690,"P"
"USGS","02037500",2026-01-20,2520,"P"
"USGS","02037500",2026-01-21,2250,"P"
"USGS","02037500",2026-01-22,2040,"P"
"USGS","02037500",2026-01-23,2030,"P"
"USGS","02037500",2026-01-24,1980,"P"
"USGS","02037500",2026-01-25,1950,"P"
"USGS","02037500",2026-01-26,1690,"P"
"USGS","02037500",2026-01-27,1470,"P"
"USGS","02037500",2026-01-28,1580,"P"
"USGS","02037500",2026-01-29,2520,"P"
"USGS","02037500",2026-01-30,2400,"P"
"USGS","02037500",2026-01-31,2370,"P"
"USGS","02037500",2026-02-01,2170,"P"
"USGS","02037500",2026-02-02,1730,"P"
"USGS","02037500",2026-02-03,1800,"P"
"USGS","02037500",2026-02-04,2000,"P"
"USGS","02037500",2026-02-05,1980,"P"
"USGS","02037500",2026-02-06,1770,"P"
"USGS","02037500",2026-02-07,1720,"P"
"USGS","02037500",2026-02-08,2130,"P"
"USGS","02037500",2026-02-09,1710,"P"
"USGS","02037500",2026-02-10,1770,"P"
"USGS","02037500",2026-02-11,1960,"P"
"USGS","02037500",2026-02-12,2360,"P"
"USGS","02037500",2026-02-13,3070,"P"
"USGS","02037500",2026-02-14,3490,"P"
"USGS","02037500",2026-02-15,4790,"P"
"USGS","02037500",2026-02-16,9110,"P"
"USGS","02037500",2026-02-17,13100,"P"
"USGS","02037500",2026-02-18,12800,"P"
"USGS","02037500",2026-02-19,13000,"P"
"USGS","02037500",2026-02-20,12900,"P"
"USGS","02037500",2026-02-21,15500,"P"
"USGS","02037500",2026-02-22,19300,"P"
"USGS","02037500",2026-02-23,19700,"P"
"USGS","02037500",2026-02-24,15600,"P"
"USGS","02037500",2026-02-25,11200,"P"
"USGS","02037500",2026-02-26,8560,"P"
"USGS","02037500",2026-02-27,7010,"P"
"USGS","02037500",2026-02-28,5980,"P"
"USGS","02037500",2026-03-01,5220,"P"
"USGS","02037500",2026-03-02,4720,"P"
"USGS","02037500",2026-03-03,4090,"P"
"USGS","02037500",2026-03-04,3900,"P"
"USGS","02037500",2026-03-05,3820,"P"
"USGS","02037500",2026-03-06,3740,"P"
"USGS","02037500",2026-03-07,3480,"P"
"USGS","02037500",2026-03-08,3590,"P"
"USGS","02037500",2026-03-09,3560,"P"
"USGS","02037500",2026-03-10,3510,"P"
"USGS","02037500",2026-03-11,3450,"P"
"USGS","02037500",2026-03-12,3490,"P"
"USGS","02037500",2026-03-13,3970,"P"
"USGS","02037500",2026-03-14,4590,"P"
"USGS","02037500",2026-03-15,4220,"P"
"USGS","02037500",2026-03-16,4240,"P"
"USGS","02037500",2026-03-17,5440,"P"
"USGS","02037500",2026-03-18,8210,"P"
"USGS","02037500",2026-03-19,9830,"P"
"USGS","02037500",2026-03-20,9000,"P"
"USGS","02037500",2026-03-21,7600,"P"
"USGS","02037500",2026-03-22,6600,"P"
"USGS","02037500",2026-03-23,5860,"P"
"USGS","02037500",2026-03-24,5280,"P"
"USGS","02037500",2026-03-25,4760,"P"
"USGS","02037500",2026-03-26,4270,"P"
"USGS","02037500",2026-03-27,4230,"P"
"USGS","02037500",2026-03-28,4250,"P"
"USGS","02037500",2026-03-29,4280,"P"
"USGS","02037500",2026-03-30,4210,"P"
"USGS","02037500",2026-03-31,3760,"P"
"USGS","02037500",2026-04-01,3510,"P"
"USGS","02037500",2026-04-02,3450,"P"
"USGS","02037500",2026-04-03,3460,"P"
"USGS","02037500",2026-04-04,3540,"P"
"USGS","02037500",2026-04-05,3530,"P"
"USGS","02037500",2026-04-06,3470,"P"
"USGS","02037500",2026-04-07,3500,"P"
"USGS","02037500",2026-04-08,3240,"P"
"USGS","02037500",2026-04-09,3130,"P"
"USGS","02037500",2026-04-10,3000,"P"
"USGS","02037500",2026-04-11,2970,"P"
"USGS","02037500",2026-04-12,2830,"P"
"USGS","02037500",2026-04-13,2720,"P"
"USGS","02037500",2026-04-14,2610,"P"
"USGS","02037500",2026-04-15,2440,"P"
"USGS","02037500",2026-04-16,2440,"P"
"USGS","02037500",2026-04-17,2330,"P"
"USGS","02037500",2026-04-18,2190,"P"
"USGS","02037500",2026-04-19,2190,"P"
"USGS","02037500",2026-04-20,2080,"P"
"USGS","02037500",2026-04-21,1940,"P"
"USGS","02037500",2026-04-22,1910,"P"
"USGS","02037500",2026-04-23,1900,"P"
"USGS","02037500",2026-04-24,1870,"P"
"USGS","02037500",2026-04-25,1830,"P"
"USGS","02037500",2026-04-26,1810,"P"
"USGS","02037500",2026-04-27,1830,"P"
"USGS","02037500",2026-04-28,1830,"P"
"USGS","02037500",2026-04-29,1850,"P"
"USGS","02037500",2026-04-30,1810,"P"
"USGS","02037500",2026-05-01,1710,"P"
"USGS","02037500",2026-05-02,1730,"P"
"USGS","02037500",2026-05-03,1770,"P"
"USGS","02037500",2026-05-04,1740,"P"
"USGS","02037500",2026-05-05,1730,"P"
"USGS","02037500",2026-05-06,1690,"P"
"USGS","02037500",2026-05-07,1640,"P"
"USGS","02037500",2026-05-08,1580,"P"
"USGS","02037500",2026-05-09,1530,"P"
"USGS","02037500",2026-05-10,1490,"P"
"USGS","02037500",2026-05-11,1500,"P"
"USGS","02037500",2026-05-12,1500,"P"
"USGS","02037500",2026-05-13,1490,"P"
"USGS","02037500",2026-05-14,1550,"P"
"USGS","02037500",2026-05-15,1570,"P"
"USGS","02037500",2026-05-16,1600,"P"
"USGS","02037500",2026-05-17,1590,"P"
"USGS","02037500",2026-05-18,1510,"P"
"USGS","02037500",2026-05-19,1360,"P"
"USGS","02037500",2026-05-20,1310,"P"
"USGS","02037500",2026-05-21,1240,"P"
"USGS","02037500",2026-05-22,1220,"P"
"USGS","02037500",2026-05-23,1250,"P"
"USGS","02037500",2026-05-24,1400,"P"
"USGS","02037500",2026-05-25,2200,"P"
"USGS","02037500",2026-05-26,2890,"P"
"USGS","02037500",2026-05-27,4750,"P"
"USGS","02037500",2026-05-28,5100,"P"
"USGS","02037500",2026-05-29,7020,"P"
"USGS","02037500",2026-05-30,6400,"P"
"USGS","02037500",2026-05-31,6060,"P"
"USGS","02037500",2026-06-01,5480,"P"
"USGS","02037500",2026-06-02,4420,"P"
"USGS","02037500",2026-06-03,3630,"P"
"USGS","02037500",2026-06-04,2950,"P"
"USGS","02037500",2026-06-05,2360,"P"
"USGS","02037500",2026-06-06,2180,"P"
"USGS","02037500",2026-06-07,1970,"P"
"USGS","02037500",2026-06-08,1790,"P"
"USGS","02037500",2026-06-09,1670,"P"
"USGS","02037500",2026-06-10,1530,"P"
"USGS","02037500",2026-06-11,1470,"P"
"USGS","02037500",2026-06-12,1470,"P"
"USGS","02037500",2026-06-13,1400,"P"
"USGS","02037500",2026-06-14,1400,"P"
"USGS","02037500",2026-06-15,1500,"P"
"USGS","02037500",2026-06-16,1590,"P"
"USGS","02037500",2026-06-17,1420,"P"
"USGS","02037500",2026-06-18,1270,"P"
"USGS","02037500",2026-06-19,1220,"P"
"USGS","02037500",2026-06-20,1190,"P"
"USGS","02037500",2026-06-21,1150,"P"
"USGS","02037500",2026-06-22,1110,"P"
"USGS","02037500",2026-06-23,1140,"P"
"USGS","02037500",2026-06-24,1180,"P"
"USGS","02037500",2026-06-25,1100,"P"
"USGS","02037500",2026-06-26,1100,"P"
"USGS","02037500",2026-06-27,1160,"P"
"USGS","02037500",2026-06-28,1190,"P"
"USGS","02037500",2026-06-29,1130,"P"
"USGS","02037500",2026-06-30,1080,"P"
"USGS","02037500",2026-07-01,1070,"P"
"USGS","02037500",2026-07-02,1050,"P"
"USGS","02037500",2026-07-03,1050,"P"
"USGS","02037500",2026-07-04,1020,"P"
"USGS","02037500",2026-07-05,977,"P"
"USGS","02037500",2026-07-06,957,"P"
"USGS","02037500",2026-07-07,994,"P"
"USGS","02037500",2026-07-08,1020,"P"
"USGS","02037500",2026-07-09,1000,"P"
"USGS","02037500",2026-07-10,965,"P"
"USGS","02037500",2026-07-11,1080,"P"
"USGS","02037500",2026-07-12,1140,"P"
"USGS","02037500",2026-07-13,1220,"P"
"USGS","02037500",2026-07-14,1300,"P"
"USGS","02037500",2026-07-17,1180,"P"
"USGS","02037500",2026-07-18,1280,"P"
"USGS","02037500",2026-07-19,1260,"P"
"USGS","02037500",2026-07-20,1270,"P"
"USGS","02037500",2026-07-21,1290,"P"
"USGS","02037500",2026-07-22,1570,"P"
"USGS","02037500",2026-07-23,2100,"P"
"USGS","02037500",2026-07-24,1820,"P"
"USGS","02037500",2026-07-25,1760,"P"
"USGS","02037500",2026-07-26,1590,"P"
"USGS","02037500",2026-07-27,1500,"P"
"USGS","02037500",2026-07-28,1480,"P"
"USGS","02037500",2026-07-29,1370,"P"
"USGS","02037500",2026-07-30,1260,"P"
"USGS","02037500",2026-07-31,1130,"P"
"USGS","02037500",2026-08-01,1020,"P"
